msa,company,city,state,industry,year_incorp
atlanta,"ABLi Therapeutics, Inc.",ATLANTA,GA,Pharmaceuticals,2025
atlanta,ALIMERA SCIENCES INC,ALPHARETTA,GA,Pharmaceuticals,
atlanta,"ATLANTA DETOX GROUP, LLC",RIVERDALE,GA,Other Health Care,2022
atlanta,"AlmataBio, Inc.",ATLANTA,GA,Biotechnology,2023
atlanta,"AmpSport, Inc.",Decatur,GA,Biotechnology,2016
atlanta,Andson Biotech Inc.,ATLANTA,GA,Biotechnology,2021
atlanta,Antios Therapeutics Inc.,ATLANTA,GA,Biotechnology,2018
atlanta,Apollo Behavior Services LLC,SUWANEE,GA,Other Health Care,2020
atlanta,"Artelon, Inc.",MARIETTA,GA,Biotechnology,2023
atlanta,"Arthroba, Inc.",SMYRNA,GA,Other Health Care,2021
atlanta,"Artificial Intelligence Medical Services, Inc.",CUMMING,GA,Biotechnology,2020
atlanta,"B4CC, Inc.",GAINESVILLE,GA,Biotechnology,
atlanta,"BLA Technology, LLC",ATLANTA,GA,Other Health Care,
atlanta,"Basis Medical, LLC",ATLANTA,GA,Other Health Care,2017
atlanta,"BioCircuit Technologies, Inc.",ATLANTA,GA,Biotechnology,2016
atlanta,"Blue Summit Hospice & Palliative Care, Inc.",ATLANTA,GA,Other Health Care,2022
atlanta,"Boston Biopharma, Inc.",ROSWELL,GA,Pharmaceuticals,
atlanta,BrainTrust BIO Inc.,ATLANTA,GA,Biotechnology,2019
atlanta,"Brij Medical, Inc.",Marietta,GA,Other Health Care,2021
atlanta,"Brijjit Medical, Inc.",MARIETTA,GA,Other Health Care,2021
atlanta,"CHILDRENS HEALTHCARE OF ATLANTA SURGERY CENTER AT MERIDIAN MARK PLAZA, LLC",ATLANTA,GA,Other Health Care,
atlanta,"CHS Healthcare Ventures, Inc.",DECATUR,GA,Other Health Care,2016
atlanta,CRYOLIFE INC,KENNESAW,GA,Other Health Care,
atlanta,"Clinigence Holdings, Inc.",ATLANTA,GA,Other Health Care,
atlanta,"ControlRad, Inc.",PEACHTREE CORNERS,GA,Other Health Care,
atlanta,"Covanos, Inc.",ALPHARETTA,GA,Other Health Care,
atlanta,"Delaney SL Fund, LLC",DULUTH,GA,Other Health Care,2024
atlanta,"Docsnap, Inc.",Atlanta,GA,Other Health Care,
atlanta,"EarliTec Diagnostics, Inc.",DECATUR,GA,Other Health Care,2019
atlanta,"EmTheraPro, Inc.",DECATUR,GA,Other Health Care,2021
atlanta,FEMASYS INC,SUWANEE,GA,Biotechnology,
atlanta,"Falcon Hospice, L.P.",ATLANTA,GA,Other Health Care,2022
atlanta,"Focused Cryo, Inc",KENNESAW,GA,Other Health Care,
atlanta,"Freedom Pharmacy Operations, LLC",Atlanta,GA,Other Health Care,2020
atlanta,"GAINESVILLE SURGERY CENTER, L.P.",GAINESVILLE,GA,Other Health Care,
atlanta,"GeoVax Labs, Inc.",SMYRNA,GA,Biotechnology,
atlanta,"Georgia Medicinal Partners, LLC",ROSWELL,GA,Other Health Care,2020
atlanta,"Global Continence, Inc.",ATLANTA,GA,Other Health Care,2021
atlanta,"Greatest Generation Partners Fund Three, LLC",ATLANTA,GA,Other Health Care,2022
atlanta,"Guide Therapeutics, Inc.",TUCKER,GA,Biotechnology,2018
atlanta,"HIPnation Operations & Solutions, LLC",SUWANEE,GA,Other Health Care,
atlanta,"Huxley Medical, Inc.",Atlanta,GA,Other Health Care,2019
atlanta,"INSIGHT OPTICS, INC.",ATLANTA,GA,Biotechnology,
atlanta,"Inhibikase Therapeutics, Inc.",Atlanta,GA,Pharmaceuticals,
atlanta,Jackson Medical Group Inc.,ATLANTA,GA,Other Health Care,2019
atlanta,"Kinemo, Inc.",ATLANTA,GA,Biotechnology,2023
atlanta,"Lanier Biotherapeutics, Inc.",BOGART,GA,Biotechnology,2021
atlanta,"Mach5 Therapeutics, Inc.",ATLANTA,GA,Biotechnology,2023
atlanta,"MedTech Exchange, Inc.",ATLANTA,GA,Other Health Care,
atlanta,"Micron Biomedical, Inc.",ATLANTA,GA,Biotechnology,
atlanta,Modify Health LLC,ALPHARETTA,GA,Other Health Care,2018
atlanta,"ModifyHealth, Inc.",ALPHARETTA,GA,Other Health Care,2022
atlanta,Moonlight Therapeutics Inc.,MARIETTA,GA,Biotechnology,
atlanta,Mt McKinley Medical Holding Corp USA,KENNESAW,GA,Biotechnology,2021
atlanta,"NFANT Labs, LLC",MARIETTA,GA,Other Health Care,
atlanta,"NovAb, Inc.",TUCKER,GA,Biotechnology,
atlanta,Nutrivert Inc.,ATLANTA,GA,Pharmaceuticals,
atlanta,"Nyra Medical, Inc.",DECATUR,GA,Biotechnology,2018
atlanta,"OXOS MEDICAL, INC.",ATLANTA,GA,Biotechnology,2016
atlanta,"OXOS Series #6 Holdings, LLC",ATLANTA,GA,Biotechnology,2021
atlanta,"OXOS Series #7 Holdings, LLC",ATLANTA,GA,Biotechnology,2022
atlanta,PERIMETER CENTER FOR OUTPATIENT SURGERY LP,ATLANTA,GA,Other Health Care,
atlanta,"PURSUANT HEALTH, INC.",ATLANTA,GA,Other Health Care,
atlanta,"Pan-Am Acquisition, LLC",ATLANTA,GA,Other Health Care,2019
atlanta,"Pan-Am Dental Holdings, LLC",ATLANTA,GA,Other Health Care,2019
atlanta,"Panda Health, Inc.",ATLANTA,GA,Other Health Care,2020
atlanta,"Petriss, LLC",MARIETTA,GA,Other Health Care,2016
atlanta,"Physician 360, Inc.",ATLANTA,GA,Other Health Care,
atlanta,"Phytest Diagnostics, LLC",ATLANTA,GA,Pharmaceuticals,2022
atlanta,"PiVista Therapeutics, Inc.",DECATUR,GA,Other Health Care,2021
atlanta,"Piezo Therapeutics, Inc.",CUMMING,GA,Other Health Care,2022
atlanta,Providence Dental Partners LLC,ATLANTA,GA,Other Health Care,2023
atlanta,"Purity-Chapters JV, LLC",DULUTH,GA,Other Health Care,2024
atlanta,Q CARE INTERNATIONAL LLC,MARIETTA,GA,Other Health Care,
atlanta,"RCE Technologies, Inc.",ATLANTA,GA,Biotechnology,2018
atlanta,"Radyus Research, Inc.",ATLANTA,GA,Other Health Care,2019
atlanta,"Regen Osteo, Inc",DALLAS,GA,Other Health Care,2021
atlanta,Restor Metabolix Inc,Carrollton,GA,Other Health Care,2020
atlanta,"Rimidi, Inc.",Atlanta,GA,Other Health Care,
atlanta,"SANUWAVE Health, Inc.",SUWANEE,GA,Biotechnology,
atlanta,SCIENTIFIC INTAKE LTD CO,ATLANTA,GA,Other Health Care,
atlanta,STRATACA GROUP,MILTON,GA,Other Health Care,2018
atlanta,"Sawatch Ventures, LLC",DUNWOODY,GA,Other Health Care,2019
atlanta,"ShareMD Digital Solutions, LLC",ALPHARETTA,GA,Other Health Care,2020
atlanta,"SignalRX Pharmaceuticals, Inc",CUMMING,GA,Pharmaceuticals,
atlanta,StartBox LLC,ATLANTA,GA,Other Health Care,
atlanta,"StartBox, Inc.",ATLANTA,GA,Other Health Care,2022
atlanta,Stem Biotech LLC,KENNESAW,GA,Biotechnology,2019
atlanta,Stimlabs LLC,ROSWELL,GA,Biotechnology,
atlanta,"Tabor.AI, Inc.",ATLANTA,GA,Other Health Care,2023
atlanta,TendoNova Corp,ATLANTA,GA,Biotechnology,2017
atlanta,"TopoDx, Inc.",ATLANTA,GA,Biotechnology,2024
atlanta,"United Digestive Holdings, LLC",Atlanta,GA,Other Health Care,2018
atlanta,"Verdant Scientific, Inc.",DUNWOODY,GA,Other Health Care,2022
atlanta,Vero Biotech Inc.,ATLANTA,GA,Pharmaceuticals,
atlanta,Vitaltechhub INC,Suwanee,GA,Biotechnology,2020
atlanta,XO Health Inc.,Alpharetta,GA,Other Health Care,2021
atlanta,"Zea Health, Inc.",ALPHARETTA,GA,Other Health Care,2021
baltimore,AC Special Purpose Vehicle LLC,BALTIMORE,MD,Other Health Care,2020
baltimore,"AGI Scientific, LLC",BALTIMORE,MD,Biotechnology,
baltimore,"ARMR Systems, Inc.",BALTIMORE,MD,Other Health Care,
baltimore,"Alphyn Biologics, Inc.",ANNAPOLIS,MD,Biotechnology,2019
baltimore,"Alphyn Biologics, LLC",ANNAPOLIS,MD,Pharmaceuticals,2019
baltimore,"Array Dental Group, LLC",COLUMBIA,MD,Other Health Care,
baltimore,Aruene Corp,BALTIMORE,MD,Other Health Care,2021
baltimore,"AsclepiX Therapeutics, Inc.",BALTIMORE,MD,Biotechnology,
baltimore,"AskY Therapeutics, Inc.",Owings Mills,MD,Pharmaceuticals,2022
baltimore,"Astek Diagnostics, Inc.",BALTIMORE,MD,Biotechnology,2021
baltimore,"BC3 Technologies, Inc.",Baltimore,MD,Other Health Care,
baltimore,"CURIEDX, INC.",BALTIMORE,MD,Other Health Care,2023
baltimore,"Capsulomics, Inc.",HALETHORPE,MD,Biotechnology,
baltimore,"Capsulomics, LLC",HALETHORPE,MD,Biotechnology,2018
baltimore,"CoapTech, Inc.",BALTIMORE,MD,Other Health Care,2016
baltimore,CoolTech,BALTIMORE,MD,Biotechnology,
baltimore,CraniUS LLC,COCKEYSVILLE,MD,Biotechnology,2021
baltimore,Curio Wellness Corp,TOWSON,MD,Other Health Care,2021
baltimore,"DJIT MEDTECH, INC.",BALTIMORE,MD,Biotechnology,2023
baltimore,Definitive Biotechnologies LLC,ELKRIDGE,MD,Other Health Care,2021
baltimore,"Delfi Diagnostics, Inc.",BALTIMORE,MD,Biotechnology,2018
baltimore,"Diagnostic Biochips, Inc.",Glen Burnie,MD,Biotechnology,
baltimore,"Drizzle Health, LLC",BALTIMORE,MD,Biotechnology,2020
baltimore,"ELIXIRGEN THERAPEUTICS, INC.",BALTIMORE,MD,Biotechnology,2017
baltimore,"EMIT IMAGING, INC.",BALTIMORE,MD,Biotechnology,2018
baltimore,"EPOCH Epigenetics, Inc.",BALTIMORE,MD,Biotechnology,2023
baltimore,"Emergency Medical Innovation, LLC",HIGHLAND,MD,Other Health Care,
baltimore,"EpiWatch, Inc.",BALTIMORE,MD,Other Health Care,2020
baltimore,Even Health LLC,ANNAPOLIS,MD,Other Health Care,2019
baltimore,"Flavocure Biotech, Inc.",BALTIMORE,MD,Biotechnology,2018
baltimore,Gliknik Inc,BALTIMORE,MD,Biotechnology,
baltimore,"Glyscend, Inc.",BALTIMORE,MD,Other Health Care,
baltimore,"Haystack Oncology, Inc.",BALTIMORE,MD,Biotechnology,2021
baltimore,Hunterian Medicine LLC,BALTIMORE,MD,Biotechnology,
baltimore,"Impruvon, Inc.",BALTIMORE,MD,Other Health Care,2020
baltimore,"Infinity Bio, Inc.",BALTIMORE,MD,Biotechnology,2023
baltimore,"Irazu Bio, LLC",BALTIMORE,MD,Biotechnology,2019
baltimore,"Irazu Oncology, LLC",BALTIMORE,MD,Biotechnology,2022
baltimore,"Iyuda Therapeutics, Inc.",Owings Mills,MD,Biotechnology,
baltimore,"Juniper Health Systems, Inc",BALTIMORE,MD,Other Health Care,2023
baltimore,"Kubanda Cryotherapy, Inc.",BALTIMORE,MD,Biotechnology,2018
baltimore,"LifeSprout, Inc.",BALTIMORE,MD,Biotechnology,2018
baltimore,Linshom Medical Inc.,ELLICOTT CITY,MD,Other Health Care,
baltimore,"Longeviti Neuro Solutions, LLC",HUNT VALLEY,MD,Biotechnology,2015
baltimore,"MDC - Verte Fund, LLC",BALTIMORE,MD,Biotechnology,2021
baltimore,"ManaT Bio, Inc.",BALTIMORE,MD,Biotechnology,2020
baltimore,"MedStar Endoscopy Center Virginia, LLC",COLUMBIA,MD,Other Health Care,2023
baltimore,"Mi-Helper, Inc.",BALTIMORE,MD,Biotechnology,2021
baltimore,"Mira1a Therapeutics, Inc.",BALTIMORE,MD,Pharmaceuticals,2020
baltimore,"MyMD Pharmaceuticals, Inc.",BALTIMORE,MD,Other Health Care,
baltimore,"NAVA HEALTH MD, INC.",COLUMBIA,MD,Other Health Care,
baltimore,"NAVA HEALTH MD, LLC",COLUMBIA,MD,Other Health Care,2021
baltimore,"NEXGEN FORENSIC SCIENCES, INC.",COLUMBIA,MD,Biotechnology,
baltimore,"NKA Bio, Inc.",BALTIMORE,MD,Other Health Care,2023
baltimore,"NeuImmune, Inc.",SYKESVILLE,MD,Biotechnology,2020
baltimore,"Novel Microdevices, Inc.",BALTIMORE,MD,Other Health Care,
baltimore,"Novel Microdevices, LLC",BALTIMORE,MD,Other Health Care,
baltimore,OS Therapies Inc,Grasonville,MD,Pharmaceuticals,
baltimore,Onkologic Inc.,ELLICOTT CITY,MD,Biotechnology,2021
baltimore,"Pearl Diagnostics, Inc.",BALTIMORE,MD,Biotechnology,2022
baltimore,Personal Genome Diagnostics Inc.,BALTIMORE,MD,Biotechnology,2015
baltimore,"Pharmaceutics International, Inc.",HUNT VALLEY,MD,Pharmaceuticals,
baltimore,"Porter Cares, Inc.",Baltimore,MD,Other Health Care,2021
baltimore,"Processa Pharmaceuticals, Inc.",HANOVER,MD,Pharmaceuticals,
baltimore,Protaryx Medical Inc.,BALTIMORE,MD,Other Health Care,2019
baltimore,QuikReversal LLC,BALTIMORE,MD,Biotechnology,2019
baltimore,"RAVGEN, INC.",COLUMBIA,MD,Biotechnology,
baltimore,"Rasio Therapeutics, Inc.",BALTIMORE,MD,Biotechnology,2019
baltimore,"ReGelTec, Inc.",BALTIMORE,MD,Biotechnology,2018
baltimore,"Ryse Health, Inc.",Baltimore,MD,Other Health Care,2020
baltimore,"SOMMOS, INC",BALTIMORE,MD,Other Health Care,2024
baltimore,Sisu Global Health Inc.,BALTIMORE,MD,Other Health Care,
baltimore,"Somnair, Inc.",TOWSON,MD,Other Health Care,2024
baltimore,"Sonavex, Inc.",BALTIMORE,MD,Biotechnology,
baltimore,"Sonosa Medical, Inc.",BALTIMORE,MD,Biotechnology,2019
baltimore,"TBT Pharma, Inc.",BALTIMORE,MD,Biotechnology,2019
baltimore,"UM Chesapeake Surgery Center, LLC",BEL AIR,MD,Other Health Care,2021
baltimore,"VerImmune, Inc.",BALTIMORE,MD,Biotechnology,2020
baltimore,"Vita Therapeutics, Inc.",BALTIMORE,MD,Other Health Care,2018
baltimore,"Youme Healthcare, Inc.",ELKRIDGE,MD,Other Health Care,2021
baltimore,"Zero Point Five Therapeutics, Inc.",BALTIMORE,MD,Biotechnology,2018
dallas,"4 Mankind, Inc.",COLLEYVILLE,TX,Other Health Care,2021
dallas,"ACTUATE THERAPEUTICS, INC.",FORT WORTH,TX,Pharmaceuticals,
dallas,"Aakha Biologics, Inc.",FRISCO,TX,Biotechnology,2022
dallas,"Acuity EyeCare Rollover II, LLC",DALLAS,TX,Other Health Care,2018
dallas,"Alacura Holdings, Inc.",Dallas,TX,Other Health Care,
dallas,Aliform Inc.,DALLAS,TX,Other Health Care,2021
dallas,Aligned Assignment Inc,FRISCO,TX,Other Health Care,2019
dallas,"Allied BioScience, Inc.",PLANO,TX,Biotechnology,
dallas,Alpha Cognition Inc.,FRISCO,TX,Biotechnology,
dallas,Altrazeal Life Sciences Inc.,ADDISON,TX,Other Health Care,
dallas,"Alva Health, Inc.",DALLAS,TX,Other Health Care,
dallas,"Arlington Surgery Center, LLC",ARLINGTON,TX,Other Health Care,
dallas,"Arthron Investments, LLC",GRAPEVINE,TX,Other Health Care,2022
dallas,"Axenic Health Solutions, Inc.",Plano,TX,Biotechnology,2017
dallas,"BRIUS Technologies, Inc.",ADDISON,TX,Other Health Care,
dallas,"BackStop Neural, Inc.",DALLAS,TX,Biotechnology,2018
dallas,"Biowise Capital II, LLC",DALLAS,TX,Biotechnology,2020
dallas,Bodark Investment Group LP,DALLAS,TX,Biotechnology,2025
dallas,"CESSATION THERAPEUTICS, INC.",Dallas,TX,Biotechnology,2022
dallas,"CHWY RE Holdings, LLC",PLANO,TX,Other Health Care,2021
dallas,"CIRC Biosciences, Inc.",DALLAS,TX,Biotechnology,2019
dallas,Cancer Check SPV LLC,DALLAS,TX,Other Health Care,2025
dallas,"Cannes Holding Parent, Inc.",FORT WORTH,TX,Other Health Care,2019
dallas,Cardinal Morrisville Biotech LLC,DALLAS,TX,Biotechnology,2022
dallas,"Care Continuity, Inc.",IRVING,TX,Other Health Care,
dallas,CareView Communications Inc,LEWISVILLE,TX,Other Health Care,
dallas,"Cariloop, Inc.",Richardson,TX,Other Health Care,
dallas,CerSci Therapeutics Inc.,DALLAS,TX,Pharmaceuticals,2019
dallas,"Chattanooga East Surgicenter, LLC",DALLAS,TX,Other Health Care,2023
dallas,"Contractual Holdco Management, LLC",FORT WORTH,TX,Other Health Care,2023
dallas,"Corpus Christi Surgicenter, LLC",DALLAS,TX,Other Health Care,
dallas,"Cosmetic Physician Partners, LLC",Dallas,TX,Other Health Care,2021
dallas,"DOSE Therapeutics, Inc.",DALLAS,TX,Biotechnology,2021
dallas,"Denton Surgery Center, LLC",DENTON,TX,Other Health Care,
dallas,Diabetes Reversal Group LLC,DALLAS,TX,Other Health Care,2021
dallas,"Dialectic Therapeutics, Inc.",DALLAS,TX,Biotechnology,2018
dallas,"ECPH, LLC",DALLAS,TX,Other Health Care,2017
dallas,"Eosera, Inc.",FORT WORTH,TX,Biotechnology,
dallas,"EtiraRX, Inc.",DALLAS,TX,Biotechnology,2021
dallas,"Forte Biosciences, Inc.",DALLAS,TX,Biotechnology,
dallas,"Fruit Street Health, P.B.C.",Fort Worth,TX,Other Health Care,
dallas,"GRADALIS, INC.",Carrollton,TX,Biotechnology,
dallas,Genesis Alternative Finance Holdings LLC,DALLAS,TX,Other Health Care,2016
dallas,"GenrAb, Inc.",Dallas,TX,Other Health Care,2022
dallas,Goodsprout Co LLC,FORT WORTH,TX,Pharmaceuticals,2021
dallas,"Gramercy Extremity Orthopedics, LLC",Richardson,TX,Other Health Care,
dallas,"Greenville Surgery Center, LLC",DALLAS,TX,Other Health Care,
dallas,"Greenway Surgicenter, LLC",DALLAS,TX,Other Health Care,2024
dallas,"Gregor Diagnostics, Inc.",Dallas,TX,Biotechnology,
dallas,HCSVS Mental Health Telemedicine Startup P.B.C.,FORT WORTH,TX,Other Health Care,2025
dallas,"Healthcare Now, Inc",PLANO,TX,Other Health Care,
dallas,"Heart Test Laboratories, Inc.",SOUTHLAKE,TX,Other Health Care,
dallas,INDEPENDENCE HOLDCO LP,DALLAS,TX,Other Health Care,2020
dallas,Ideal Implant Inc,DALLAS,TX,Other Health Care,
dallas,"ImmuneSensor Therapeutics, Inc.",DALLAS,TX,Biotechnology,2019
dallas,"Infinite Youth, Inc.",DALLAS,TX,Other Health Care,2024
dallas,"Instil Bio, Inc.",DALLAS,TX,Biotechnology,2018
dallas,Irving Specialists Surgical Center LLC,IRVING,TX,Other Health Care,2020
dallas,"KLOWEN BRACES, INC.",Richardson,TX,Other Health Care,
dallas,"KWIVIK THERAPEUTICS, INC.",FRISCO,TX,Other Health Care,2016
dallas,LaaSy Health HoldCo Inc.,MIDLOTHIAN,TX,Other Health Care,2023
dallas,"Launchpad Vision, Inc.",DALLAS,TX,Other Health Care,2024
dallas,"Lebanon Surgicenter, LLC",DALLAS,TX,Other Health Care,
dallas,"Legacy Trail Surgery Center, LLC",Plano,TX,Other Health Care,2017
dallas,"Legacy Ventures, LLC",Plano,TX,Other Health Care,
dallas,"LexaGene Life Sciences RD Investors, LLC",DALLAS,TX,Other Health Care,2023
dallas,"Mountain Health Technologies, Inc.",DALLAS,TX,Other Health Care,2019
dallas,"Nacuity Pharmaceuticals, Inc.",FORT WORTH,TX,Biotechnology,2016
dallas,"Nanoscope Therapeutics, Inc.",BEDFORD,TX,Other Health Care,2017
dallas,"Navigate Patient Solutions, LLC",FORT WORTH,TX,Other Health Care,2019
dallas,Nerveli Inc.,DALLAS,TX,Other Health Care,2022
dallas,"Neurolens, Inc.",COPPELL,TX,Biotechnology,
dallas,"New Waters Recovery North Carolina Fund, LP",McKinney,TX,Other Health Care,2020
dallas,"North Dallas Surgical Center, LLC",DALLAS,TX,Other Health Care,
dallas,North Texas Renal Management II LLC,DALLAS,TX,Other Health Care,
dallas,North Texas Renal Management III LLC,DALLAS,TX,Other Health Care,
dallas,"North Texas Renal Management V, LLC",DALLAS,TX,Other Health Care,
dallas,"North Texas Renal Management VI, LLC",DALLAS,TX,Other Health Care,
dallas,"North Texas Renal Management VIII, LLC",DALLAS,TX,Other Health Care,
dallas,"North Texas Renal Management XI, LLC",DALLAS,TX,Other Health Care,2022
dallas,"North Texas Renal Management, LLC",DALLAS,TX,Other Health Care,
dallas,"NovaDerm Aid Fund Alpha, L.L.C.",DALLAS,TX,Biotechnology,2022
dallas,"NovaDerm Aid Fund Beta, L.L.C.",DALLAS,TX,Biotechnology,2022
dallas,NovaDerm Aid Fund Delta LLC,DALLAS,TX,Biotechnology,2022
dallas,NovaDerm Aid Fund Epsilon LLC,DALLAS,TX,Biotechnology,2022
dallas,NovaDerm Aid Fund Eta LLC,DALLAS,TX,Biotechnology,2022
dallas,"NovaDerm Aid Fund Gamma, L.L.C.",DALLAS,TX,Biotechnology,2022
dallas,"NovaDerm Aid Fund I, L.L.C.",DALLAS,TX,Biotechnology,2022
dallas,"NovaDerm Aid Fund II, L.L.C.",DALLAS,TX,Biotechnology,2022
dallas,"NovaDerm Aid Fund III, L.L.C.",DALLAS,TX,Biotechnology,2022
dallas,"NovaDerm Aid Fund IV, L.L.C.",DALLAS,TX,Biotechnology,2022
dallas,NovaDerm Aid Fund IX L.L.C.,DALLAS,TX,Biotechnology,2022
dallas,NovaDerm Aid Fund Iota LLC,DALLAS,TX,Biotechnology,2022
dallas,NovaDerm Aid Fund Kappa LLC,DALLAS,TX,Biotechnology,2022
dallas,NovaDerm Aid Fund Ksi LLC,DALLAS,TX,Biotechnology,2022
dallas,NovaDerm Aid Fund Lamda LLC,DALLAS,TX,Biotechnology,2022
dallas,NovaDerm Aid Fund Mi LLC,DALLAS,TX,Biotechnology,2022
dallas,NovaDerm Aid Fund Ni LLC,DALLAS,TX,Biotechnology,2022
dallas,NovaDerm Aid Fund Omega LLC,DALLAS,TX,Biotechnology,2022
dallas,NovaDerm Aid Fund Theta LLC,DALLAS,TX,Biotechnology,2022
dallas,"NovaDerm Aid Fund V, L.L.C.",DALLAS,TX,Biotechnology,2022
dallas,NovaDerm Aid Fund VI L.L.C.,DALLAS,TX,Biotechnology,2022
dallas,NovaDerm Aid Fund VII L.L.C.,DALLAS,TX,Biotechnology,2022
dallas,NovaDerm Aid Fund VIII L.L.C.,DALLAS,TX,Biotechnology,2022
dallas,NovaDerm Aid Fund X L.L.C.,DALLAS,TX,Biotechnology,2022
dallas,NovaDerm Aid Fund XI L.L.C.,DALLAS,TX,Biotechnology,2022
dallas,NovaDerm Aid Fund XII L.L.C.,DALLAS,TX,Biotechnology,2022
dallas,NovaDerm Aid Fund Zeta LLC,DALLAS,TX,Biotechnology,2022
dallas,Novaestiq Corp.,SOUTHLAKE,TX,Other Health Care,2021
dallas,"OnPoint Healthcare Partners, Inc.",FLOWER MOUND,TX,Other Health Care,2019
dallas,"OncoNano Medicine, Inc.",SOUTHLAKE,TX,Biotechnology,
dallas,"Ophthalmology Surgery Center of Dallas, LLC",Dallas,TX,Other Health Care,
dallas,"Opry Investment Holdings I, LLC",FORT WORTH,TX,Other Health Care,2023
dallas,"Osteal Therapeutics, Inc.",Dallas,TX,Pharmaceuticals,
dallas,PATIENT FOCUSED TELE-HEALTH LLC,ROCKWALL,TX,Pharmaceuticals,2017
dallas,PRIME ER FUND I LLC,LITTLE ELM,TX,Other Health Care,2024
dallas,"Park Hill Surgery Center, LLC",FORT WORTH,TX,Other Health Care,
dallas,"Peak Gastroenterology ASC, LLC",DALLAS,TX,Other Health Care,2019
dallas,"Percipio Health, Inc.",PLANO,TX,Other Health Care,2022
dallas,Pharmesol Inc.,COPPELL,TX,Biotechnology,
dallas,"Physicians Integrated Network, LLC",DALLAS,TX,Other Health Care,
dallas,"Physicians Integrated Network, LP",DALLAS,TX,Other Health Care,
dallas,"Pieces Technologies, Inc.",DALLAS,TX,Other Health Care,2015
dallas,"Platinum Biosciences, Inc.",PLANO,TX,Other Health Care,2019
dallas,"Post Acute Analytics, Inc.",LEWISVILLE,TX,Other Health Care,2018
dallas,"Preferred Health Imaging, LLC",DALLAS,TX,Other Health Care,2024
dallas,Prism Care Inc.,PLANO,TX,Other Health Care,2019
dallas,"Qualia Oto, Inc.",DALLAS,TX,Biotechnology,2017
dallas,REATA PHARMACEUTICALS INC,PLANO,TX,Biotechnology,
dallas,"Recuro Health, Inc.",RICHARDSON,TX,Other Health Care,2021
dallas,"Renibus Therapeutics, Inc.",SOUTHLAKE,TX,Pharmaceuticals,2015
dallas,Resilient Heathcare Corp,PLANO,TX,Other Health Care,2023
dallas,ResponseCO II LLC,DALLAS,TX,Other Health Care,2020
dallas,"Rosy Wellness, Inc.",DALLAS,TX,Other Health Care,2018
dallas,Sage Oak NTX Distressed Fund LLC,DALLAS,TX,Other Health Care,2025
dallas,Sanara MedTech Inc.,FORT WORTH,TX,Other Health Care,
dallas,"Secretome Therapeutics, Inc.",DALLAS,TX,Biotechnology,2018
dallas,"Solenic Medical, Inc.",Addison,TX,Biotechnology,2019
dallas,"Solutions for Otolaryngology, L.L.C.",PLANO,TX,Other Health Care,
dallas,"Sonara Health, Inc.",DALLAS,TX,Other Health Care,2020
dallas,Spark Biomedical Inc.,DALLAS,TX,Other Health Care,2023
dallas,"Speed Clip Solutions, LLC",DALLAS,TX,Other Health Care,2021
dallas,"Stingray Therapeutics, Inc.",Dallas,TX,Biotechnology,
dallas,Stride Healthcare Management LLC,DALLAS,TX,Other Health Care,
dallas,"Superior Organics Operations, LLC",DALLAS,TX,Other Health Care,2023
dallas,"Surgical Caregivers of Fort Worth, LLC",FORT WORTH,TX,Other Health Care,
dallas,"TFF Pharmaceuticals, Inc.",FORT WORTH,TX,Pharmaceuticals,
dallas,TPEG FL Home Health Investors LLC,SOUTHLAKE,TX,Other Health Care,2021
dallas,TPEG FL Home Health QP Investors LLC,SOUTHLAKE,TX,Other Health Care,2021
dallas,TPEG NANO QP INVESTORS LLC,SOUTHLAKE,TX,Biotechnology,2021
dallas,TPEG NUCLEIN INVESTORS LLC,SOUTHLAKE,TX,Biotechnology,2021
dallas,TPEG NUCLEIN QP INVESTORS LLC,SOUTHLAKE,TX,Biotechnology,2021
dallas,TPEG PROVEER SL INVESTORS I LLC,Southlake,TX,Other Health Care,2021
dallas,"Taysha Gene Therapies, Inc.",DALLAS,TX,Biotechnology,2019
dallas,"Team Velu Horizon Holdings, LLC",MCKINNEY,TX,Other Health Care,2024
dallas,Telos Biotech Inc.,Dallas,TX,Biotechnology,
dallas,"Teresa's House - Craig Ranch, LLC",MCKINNEY,TX,Other Health Care,2017
dallas,"Teresa's House Argyle, LLC",ARGYLE,TX,Other Health Care,2018
dallas,"Texas Health Craig Ranch Surgery Center, LLC",MCKINNEY,TX,Other Health Care,
dallas,"Texas Health Surgery Center Alliance, LLC",Fort Worth,TX,Other Health Care,
dallas,"Texas Health Surgery Center Bedford, LLC",BEDFORD,TX,Other Health Care,
dallas,"Texas Health Surgery Center Chisolm Trail, LLC",Fort Worth,TX,Other Health Care,2021
dallas,"Texas Health Surgery Center Preston Plaza, LLC",DALLAS,TX,Other Health Care,
dallas,"Texas Health Surgery Center Rockwall, LLC",Rockwall,TX,Other Health Care,2015
dallas,"Tomball Surgicenter, LLC",DALLAS,TX,Other Health Care,2025
dallas,"Trained Therapeutics Discovery, Inc.",DALLAS,TX,Pharmaceuticals,2019
dallas,"Trained Therapeutix Discovery, Inc.",DALLAS,TX,Pharmaceuticals,2019
dallas,Trinity Nuclein Rd II Investors LLC,SOUTHLAKE,TX,Biotechnology,2022
dallas,Trinity Nuclein Rd II QP Investors LLC,SOUTHLAKE,TX,Biotechnology,2022
dallas,Trinity Nuclein Rd III Investors LLC,SOUTHLAKE,TX,Biotechnology,2023
dallas,Trinity Nuclein Rd III QP Investors LLC,SOUTHLAKE,TX,Biotechnology,2023
dallas,"USRC Alvin, LLC",PLANO,TX,Other Health Care,2022
dallas,"USRC Baldwin Hills, LLC",PLANO,TX,Other Health Care,2022
dallas,"USRC Bluebonnet Home, LLC",PLANO,TX,Other Health Care,2020
dallas,"USRC Bluebonnet, LLC",Plano,TX,Other Health Care,2020
dallas,"USRC Brownsville, LLC",PLANO,TX,Other Health Care,2023
dallas,"USRC Compton, LLC",PLANO,TX,Other Health Care,2020
dallas,"USRC Cool Springs, LLC",PLANO,TX,Other Health Care,2021
dallas,"USRC Dairy Ashford, LLC",PLANO,TX,Other Health Care,2022
dallas,USRC Dialysis at Home West LLC,PLANO,TX,Other Health Care,2020
dallas,"USRC EAST ATLANTA, LLC",PLANO,TX,Other Health Care,2025
dallas,"USRC Eastern Iowa, LLC",PLANO,TX,Other Health Care,2020
dallas,"USRC Electric City, LLC",Plano,TX,Other Health Care,2023
dallas,"USRC FWRG-Keller, LLC",Plano,TX,Other Health Care,2020
dallas,"USRC Fall Creek, LLC",PLANO,TX,Other Health Care,2022
dallas,"USRC Garland, LLC",PLANO,TX,Other Health Care,2020
dallas,"USRC Greater Atlanta Home Therapies, LLC",PLANO,TX,Other Health Care,2023
dallas,"USRC Gulfgate, LLC",PLANO,TX,Other Health Care,2021
dallas,"USRC HAMBURG, LLC",PLANO,TX,Other Health Care,2019
dallas,"USRC Hancock-Seneca, LLC",PLANO,TX,Other Health Care,2023
dallas,"USRC Houston Newco Home, LLC",PLANO,TX,Other Health Care,2020
dallas,"USRC Lenox Ave RE Holdings, LLC",PLANO,TX,Other Health Care,2021
dallas,"USRC Lenox Avenue, LLC",PLANO,TX,Other Health Care,2021
dallas,"USRC McKinney, LLC",PLANO,TX,Other Health Care,2020
dallas,"USRC Mustang Dialysis, LLC",PLANO,TX,Other Health Care,2020
dallas,"USRC New Milford, LLC",PLANO,TX,Other Health Care,2021
dallas,"USRC North Flushing, LLC",PLANO,TX,Other Health Care,2019
dallas,"USRC Ogden, LLC",PLANO,TX,Other Health Care,2020
dallas,"USRC Plano Dexter, LLC",PLANO,TX,Other Health Care,2020
dallas,"USRC Powder Springs Holdings, LLC",PLANO,TX,Other Health Care,2020
dallas,"USRC Premier Midlothian, LLC",PLANO,TX,Other Health Care,2024
dallas,"USRC Quebec Street, LLC",PLANO,TX,Other Health Care,2021
dallas,"USRC SHARPSTOWN, LLC",PLANO,TX,Other Health Care,2021
dallas,"USRC South Arlington, LLC",PLANO,TX,Other Health Care,2020
dallas,"USRC Stephenville, LLC",PLANO,TX,Other Health Care,2020
dallas,"USRC Weslaco Central, LLC",PLANO,TX,Other Health Care,2023
dallas,"Ulster Dialysis Partners, LLC",PLANO,TX,Other Health Care,2020
dallas,"Vaxxinity, Inc.",DALLAS,TX,Biotechnology,2021
dallas,Virus Light RX LLC,FORT WORTH,TX,Biotechnology,2020
dallas,"VitalTech Holdings, Inc.",PLANO,TX,Other Health Care,2019
dallas,"What About Health, Inc.",CARROLLTON,TX,Other Health Care,2019
dallas,"Wilson Creek Surgical Center, LLC",MCKINNEY,TX,Other Health Care,
dallas,"Zephyr AI, Inc.",DALLAS,TX,Biotechnology,2021
dallas,"ZipRad, Inc.",IRVING,TX,Other Health Care,2017
dallas,"iDocsWeb, LLC",Plano,TX,Other Health Care,
philadelphia,AAA Advantage Home Care Inc.,NEWARK,DE,Other Health Care,2023
philadelphia,"AMICUS THERAPEUTICS, INC.",PHILADELPHIA,PA,Biotechnology,
philadelphia,ARUSHA LLC,EXTON,PA,Other Health Care,
philadelphia,ASC DENTAL VENTURES LLC,WILMINGTON,DE,Other Health Care,2021
philadelphia,"AVP Holdings, LLC / Delaware",CLAYMONT,DE,Other Health Care,2021
philadelphia,"Accolade, Inc.",PLYMOUTH MEETING,PA,Other Health Care,
philadelphia,"Aclaris Therapeutics, Inc.",WAYNE,PA,Pharmaceuticals,
philadelphia,Adulsa Therapeutics Corp,BERWYN,PA,Biotechnology,2020
philadelphia,"Advanta Health Solutions, Inc.",NEWARK,NJ,Other Health Care,
philadelphia,Aetas Co LLC,PHILADELPHIA,PA,Other Health Care,2018
philadelphia,Aevumed Inc.,MALVERN,PA,Biotechnology,
philadelphia,"Akers Biosciences, Inc.",THOROFARE,NJ,Other Health Care,
philadelphia,"Alta Smiles, Inc.",FORT WASHINGTON,PA,Other Health Care,2024
philadelphia,"Alta Smiles, LLC",FORT WASHINGTON,PA,Other Health Care,2019
philadelphia,"AltrixBio, Inc.",WILMINGTON,DE,Pharmaceuticals,
philadelphia,"Alveus Therapeutics, Inc.",PHILADELPHIA,PA,Pharmaceuticals,2023
philadelphia,"Amalgam Rx, Inc.",WILMINGTON,DE,Other Health Care,
philadelphia,"American Treatment Network, LLC",HAVERTOWN,PA,Other Health Care,2018
philadelphia,"Amplifi Vascular, Inc.",WILMINGTON,DE,Biotechnology,2023
philadelphia,"Annovis Bio, Inc.",BERWYN,PA,Biotechnology,
philadelphia,"Aprea Therapeutics, Inc.",DOYLESTOWN,PA,Biotechnology,
philadelphia,Arbutus Biopharma Corp,Warminster,PA,Pharmaceuticals,
philadelphia,Aro Biotherapeutics Co,PHILADELPHIA,PA,Biotechnology,2017
philadelphia,"ArriVent Biopharma, Inc.",NEWTOWN SQUARE,PA,Biotechnology,2021
philadelphia,Attract Medical LLC,MEDFORD,NJ,Other Health Care,
philadelphia,"Autism Solutions, Inc.",WEST CHESTER,PA,Other Health Care,2023
philadelphia,Avantia Labs Inc.,Ambler,PA,Biotechnology,2023
philadelphia,"Avisi Technologies, Inc.",PHILADELPHIA,PA,Other Health Care,
philadelphia,"Avkin, Inc.",WILMINGTON,DE,Other Health Care,
philadelphia,Avstera Therapeutics Corp.,MALVERN,PA,Biotechnology,2020
philadelphia,Avstera Therapeutics Inc.,MALVERN,PA,Pharmaceuticals,2021
philadelphia,B POSITIVE PLASMA LLC,HADDONFIELD,NJ,Other Health Care,
philadelphia,"Bainbridge Health, Inc.",PHILADELPHIA,PA,Other Health Care,
philadelphia,"BioCurie, Inc.",WILMINGTON,DE,Biotechnology,2021
philadelphia,"BioLattice Ophthalmics, Inc,",PHILADELPHIA,PA,Biotechnology,2023
philadelphia,"Biophysical Therapeutics, Inc.",WILMINGTON,DE,Biotechnology,2022
philadelphia,Biuti Express LLC,WILMINGTON,DE,Other Health Care,2025
philadelphia,"BlueWhale Bio, Inc.",PHILADELPHIA,PA,Biotechnology,2022
philadelphia,CARISMA Therapeutics Inc.,PHILADELPHIA,PA,Biotechnology,2017
philadelphia,"CHONDRIAL THERAPEUTICS HOLDINGS, LLC",BALA CYNWYD,PA,Biotechnology,2016
philadelphia,"Cagent Vascular, Inc.",Wayne,PA,Other Health Care,
philadelphia,"Cannabinoid API Solutions, LLC",BLUE BELL,PA,Pharmaceuticals,2022
philadelphia,"Castle Creek Biosciences, Inc.",Exton,PA,Biotechnology,2018
philadelphia,"Center for Spine Surgery, LLC",Wilmington,DE,Other Health Care,2020
philadelphia,"Centinel Spine, LLC",West Chester,PA,Other Health Care,2017
philadelphia,"Centry Pharma, Inc.",WILMINGTON,DE,Pharmaceuticals,2020
philadelphia,"Century Therapeutics, Inc.",Philadelphia,PA,Other Health Care,2019
philadelphia,Cerebral Inc.,CLAYMONT,DE,Other Health Care,
philadelphia,"Cerebro Holdings, LLC",NEWTOWN SQUARE,PA,Other Health Care,2023
philadelphia,"ChemoMouthpiece, LLC",WILMINGTON,DE,Other Health Care,2024
philadelphia,Chimeron Bio Corp,PHILADELPHIA,PA,Other Health Care,2015
philadelphia,"Chronic Care Management, Inc.",MOORESTOWN,NJ,Other Health Care,2017
philadelphia,Clytusan Corp Inc.,MORRISVILLE,PA,Biotechnology,2021
philadelphia,"Code Biotherapeutics, Inc.",HATFIELD,PA,Other Health Care,2020
philadelphia,ColdVentures LLC,CONSHOHOCKEN,PA,Other Health Care,2023
philadelphia,CollectiveCare Dental LLC,MOORESTOWN,NJ,Other Health Care,
philadelphia,"Color Holdings, L.P.",KING OF PRUSSIA,PA,Other Health Care,2022
philadelphia,Context Therapeutics Inc.,PHILADELPHIA,PA,Pharmaceuticals,2021
philadelphia,CorneaCare Inc.,PHILADELPHIA,PA,Other Health Care,2019
philadelphia,"CorriXR Therapeutics, Inc.",WILMINGTON,DE,Biotechnology,2022
philadelphia,"Cosmos Pharmaceuticals, Inc.",MIDDLETOWN,DE,Other Health Care,
philadelphia,"Cosmos Pharmaceuticals, LLC",MIDDLETOWN,DE,Other Health Care,2017
philadelphia,"Crossover Medical, Inc.",MALVERN,PA,Other Health Care,2026
philadelphia,"DSIpharma, Inc.",WILMINGTON,DE,Other Health Care,2025
philadelphia,"Daymark Health, Inc.",Philadelphia,PA,Other Health Care,2022
philadelphia,"Drusolv Therapeutics, Inc.",PHILADELPHIA,PA,Pharmaceuticals,2017
philadelphia,DuraStat LLC,WAYNE,PA,Other Health Care,
philadelphia,"Durin Life Sciences, Inc.",STRATFORD,NJ,Biotechnology,
philadelphia,"Durin Technologies, Inc.",MULLICA HILL,NJ,Biotechnology,
philadelphia,EDS Holdco LLC,HORSHAM,PA,Other Health Care,2017
philadelphia,"EOLO USA, Inc.",WILMINGTON,DE,Biotechnology,2019
philadelphia,"Early Bird Medical, Inc.",MALVERN,PA,Other Health Care,2020
philadelphia,EcoGenome LLC,WYNNEWOOD,PA,Biotechnology,2021
philadelphia,Eletala Enterprises Inc,WILMINGTON,DE,Pharmaceuticals,2025
philadelphia,"Eliem Therapeutics, Inc.",WILMINGTON,DE,Biotechnology,
philadelphia,"Emergent Medical Foods, Inc.",KING OF PRUSSIA,PA,Other Health Care,2019
philadelphia,Empower Recovery Center Investors LP,WILMINGTON,DE,Other Health Care,2022
philadelphia,Empower Recovery Investors LP,WILMINGTON,DE,Other Health Care,2022
philadelphia,"Endo, Inc.",Malvern,PA,Pharmaceuticals,2023
philadelphia,"Enterin, Inc.",PHILADELPHIA,PA,Other Health Care,
philadelphia,EpiVario Inc.,PHILADELPHIA,PA,Pharmaceuticals,2017
philadelphia,"Esanik Therapeutics, Inc.",MALVERN,PA,Pharmaceuticals,
philadelphia,Evergreen Theragnostics Inc.,SPRINGFIELD,NJ,Pharmaceuticals,2019
philadelphia,"Evrys Bio, LLC",DOYLESTOWN,PA,Pharmaceuticals,
philadelphia,"Excision Medical, Inc.",MALVERN,PA,Other Health Care,2020
philadelphia,"ExpressCells, Inc.",PHILADELPHIA,PA,Biotechnology,2018
philadelphia,Extend Device Corp,PHILADELPHIA,PA,Biotechnology,2019
philadelphia,"FGC CorrMed Holdings, LLC",WAYNE,PA,Other Health Care,2023
philadelphia,FORE US Bio Inc.,PHILADELPHIA,PA,Biotechnology,2022
philadelphia,"Fovea Investment Holdings, LLC",CONSHOHOCKEN,PA,Other Health Care,2024
philadelphia,"GENEOS Therapeutics, Inc.",PLYMOUTH MEETING,PA,Biotechnology,2016
philadelphia,"GENIE Therapeutics, Inc.",WILMINGTON,DE,Biotechnology,2019
philadelphia,"GPN VACCINES, INC.",WILMINGTON,DE,Biotechnology,2025
philadelphia,"Galera Therapeutics, Inc.",MALVERN,PA,Pharmaceuticals,
philadelphia,"Genomind, Inc.",King of Prussia,PA,Other Health Care,
philadelphia,Get Stix Inc.,PHILADELPHIA,PA,Other Health Care,2018
philadelphia,"Gladius Therapeutics, Inc.",PHILADELPHIA,PA,Other Health Care,2023
philadelphia,Gnosko Bio Inc.,WAYNE,PA,Biotechnology,2024
philadelphia,"GrayHawk Health, Inc.",WAYNE,PA,Other Health Care,2023
philadelphia,"Group K Diagnostics, Inc.",PHILADELPHIA,PA,Other Health Care,2017
philadelphia,"HELIUS MEDICAL TECHNOLOGIES, INC.",NEWTOWN,PA,Other Health Care,
philadelphia,Halodine LLC,SPRING HOUSE,PA,Biotechnology,2020
philadelphia,"HealthNEXT, LLC",UNIONVILLE,PA,Other Health Care,
philadelphia,"HealthVerity, Inc.",PHILADELPHIA,PA,Other Health Care,
philadelphia,"Higia, Inc.",Wilmington,DE,Other Health Care,
philadelphia,"Holistic Health Holdings, Inc.",WILMINGTON,DE,Other Health Care,2020
philadelphia,"I 3 Pharmaceuticals, LLC",WARMINSTER,PA,Pharmaceuticals,
philadelphia,"ICARE QOZ FUND, INC.",NEWARK,NJ,Other Health Care,2021
philadelphia,IMAGINE PHARMA LLC,DEVON,PA,Pharmaceuticals,
philadelphia,"INOVIO PHARMACEUTICALS, INC.",Plymouth Meeting,PA,Biotechnology,
philadelphia,"IVIEW Therapeutics, Inc.",DOYLESTOWN,PA,Pharmaceuticals,
philadelphia,"ImCare Biotech, Inc.",DOYLESTOWN,PA,Biotechnology,
philadelphia,"ImCare Biotech, LLC",DOYLESTOWN,PA,Biotechnology,
philadelphia,"ImmunoGenesis, Inc.",Doylestown,PA,Biotechnology,
philadelphia,"ImmunoRx Pharma, Inc.",WILMINGTON,DE,Pharmaceuticals,2020
philadelphia,Immunome Inc.,EXTON,PA,Biotechnology,
philadelphia,"Imvax, Inc.",PHILADELPHIA,PA,Biotechnology,2015
philadelphia,"InHomeTherapy, Inc.",KING OF PRUSSIA,PA,Other Health Care,2021
philadelphia,"InSite Health, Inc.",MARLTON,NJ,Other Health Care,2022
philadelphia,"Incite Health Life Sciences, Inc.",DOYLESTOWN,PA,Other Health Care,
philadelphia,"Intact Vascular, Inc.",WAYNE,PA,Other Health Care,
philadelphia,"Interius BioTherapeutics, Inc.",PHILADELPHIA,PA,Biotechnology,2019
philadelphia,"IsoBio, Inc.",GLADWYNE,PA,Other Health Care,2025
philadelphia,Kannalife Inc,Doylestown,PA,Pharmaceuticals,
philadelphia,"Keriton, Inc.",PHILADELPHIA,PA,Other Health Care,
philadelphia,"KoKo Medical, Inc.",MALVERN,PA,Other Health Care,2020
philadelphia,LANNETT CO INC,PHILADELPHIA,PA,Pharmaceuticals,
philadelphia,LF Bolt Corp.,WILMINGTON,DE,Other Health Care,2022
philadelphia,"Larimar Therapeutics, Inc.",BALA CYNWYD,PA,Biotechnology,
philadelphia,"Linnaeus Therapeutics, Inc.",HADDONFIELD,NJ,Biotechnology,
philadelphia,"Longevica Heathtech, Inc.",WILMINGTON,DE,Other Health Care,2022
philadelphia,"Lungpacer Medical, Inc.",EXTON,PA,Other Health Care,
philadelphia,"MBF Therapeutics, Inc.",AMBLER,PA,Biotechnology,
philadelphia,"MOBILION SYSTEMS, INC.",Chadds Ford,PA,Biotechnology,2015
philadelphia,Magsorbeo Biomedical Corp.,NEWARK,DE,Biotechnology,2021
philadelphia,"Main Line Spine Surgery Center, LLC",King of Prussia,PA,Other Health Care,
philadelphia,"Maxona Pharmaceuticals, Inc.",KING OF PRUSSIA,PA,Pharmaceuticals,2016
philadelphia,"Mebias Discovery, Inc.",PHILADELPHIA,PA,Pharmaceuticals,
philadelphia,Medsyn Biopharma LLC,MALVERN,PA,Pharmaceuticals,
philadelphia,Medtrip Inc.,WILMINGTON,DE,Other Health Care,2016
philadelphia,"Metabolics Pharma, Inc.",PHILADELPHIA,PA,Biotechnology,2024
philadelphia,MiLaboratories Inc.,WILMINGTON,DE,Biotechnology,2021
philadelphia,"Micro Interventional Devices, Inc.",NEWTOWN,PA,Other Health Care,
philadelphia,"Mid-Atlantic BioTherapeutics, Inc.",DOYLESTOWN,PA,Biotechnology,
philadelphia,Moberg Analytics Inc,PHILADELPHIA,PA,Biotechnology,2020
philadelphia,"My Diabetes Health, Inc.",WILMINGTON,DE,Other Health Care,2023
philadelphia,"NEUROPATHIX, INC.",DOYLESTOWN,PA,Pharmaceuticals,
philadelphia,"NEXGEL, INC.",LANGHORNE,PA,Biotechnology,
philadelphia,"NFlection Therapeutics, Inc.",WAYNE,PA,Biotechnology,
philadelphia,"NRX Pharmaceuticals, Inc.",WILMINGTON,DE,Biotechnology,
philadelphia,Navrogen Inc.,CHEYNEY,PA,Biotechnology,
philadelphia,"Navrogen, Inc.",CHEYNEY,PA,Biotechnology,2017
philadelphia,"NecksLevel, LLC",NORTH WALES,PA,Other Health Care,2019
philadelphia,"NephroDI Therapeutics, Inc.",PHILADELPHIA,PA,Pharmaceuticals,2017
philadelphia,"Neuraptive Therapeutics, Inc.",PHILADELPHIA,PA,Biotechnology,
philadelphia,NewIV Medical Corp,DOYLESTOWN,PA,Other Health Care,2019
philadelphia,"NexEos Diagnostics, Inc.",Chester Springs,PA,Other Health Care,2019
philadelphia,"NexGelRx, Inc.",LANGHORNE,PA,Other Health Care,
philadelphia,"NextEvo, Inc.",CONSHOHOCKEN,PA,Pharmaceuticals,
philadelphia,"NiKang Therapeutics, Inc.",Wilmington,DE,Biotechnology,2017
philadelphia,"Night Owl Medical, Inc.",MALVERN,PA,Other Health Care,2021
philadelphia,"ORtelligence, Inc.",GLEN MILLS,PA,Other Health Care,2018
philadelphia,"Ocugen, Inc.",MALVERN,PA,Biotechnology,
philadelphia,OnCall Health Corp,Philadelphia,PA,Other Health Care,2020
philadelphia,"Opyn Health, Inc.",CONSHOHOCKEN,PA,Other Health Care,
philadelphia,Orient Health Inc.,WILMINGTON,DE,Other Health Care,2022
philadelphia,"PLEOPHARMA, INC.",PHOENIXVILLE,PA,Pharmaceuticals,2020
philadelphia,"PRG FlowChem, Inc.",ROYERSFORD,PA,Pharmaceuticals,2024
philadelphia,"Pace Surgical, Inc.",MALVERN,PA,Other Health Care,2023
philadelphia,Pacto Medical Inc.,NEWARK,DE,Other Health Care,2023
philadelphia,"Painqx, Inc.",KENNETT SQUARE,PA,Biotechnology,
philadelphia,"Palladio Biosciences, Inc.",HORSHAM,PA,Biotechnology,
philadelphia,"Palvella Therapeutics, Inc.",WAYNE,PA,Biotechnology,2015
philadelphia,"Panorama Medicine, Inc.",BALA CYNWYD,PA,Biotechnology,2018
philadelphia,"Paragon Therapeutics, Inc.",PHILADELPHIA,PA,Biotechnology,2021
philadelphia,"Patina Health, Inc.",Bala Cynwyd,PA,Other Health Care,2020
philadelphia,Phio Pharmaceuticals Corp.,KING OF PRUSSIA,PA,Biotechnology,
philadelphia,"Photon Effect, LLC",ARDMORE,PA,Other Health Care,2022
philadelphia,"Phrase Health, Inc.",PHILADELPHIA,PA,Other Health Care,2018
philadelphia,Pleopharma L.L.C.,PHOENIXVILLE,PA,Other Health Care,2020
philadelphia,"PolyCore Therapeutics, Inc.",PHILADELPHIA,PA,Biotechnology,2022
philadelphia,"Praeventix, Inc.",EXTON,PA,Biotechnology,
philadelphia,Prelude Therapeutics Inc,Wilmington,DE,Biotechnology,2016
philadelphia,Pression LLC,LANDENBERG,PA,Other Health Care,2019
philadelphia,"Prolifagen, Inc.",DOYLESTOWN,PA,Biotechnology,2025
philadelphia,Prolocor Inc.,PHILADELPHIA,PA,Biotechnology,2020
philadelphia,"Protein Dynamic Solutions, Inc.",Wilmington,DE,Biotechnology,2021
philadelphia,"Provell Pharmaceuticals, LLC",Honey Brook,PA,Pharmaceuticals,
philadelphia,"REVNA BIOSCIENCES, INC.",HORSHAM,PA,Biotechnology,
philadelphia,"Rafael Holdings, Inc.",NEWARK,NJ,Biotechnology,2017
philadelphia,"Reciprocity Health, Inc.",WILMINGTON,DE,Other Health Care,2020
philadelphia,"Reciprocity Health, LLC",WILMINGTON,DE,Other Health Care,2020
philadelphia,Redcliffe Lifetech Inc,WILMINGTON,DE,Other Health Care,2021
philadelphia,ReliefBand Technologies LLC,Horsham,PA,Other Health Care,
philadelphia,"Reunion Neuroscience Management, Inc.",PHILADELPHIA,PA,Pharmaceuticals,2023
philadelphia,RheoTek Medical LLC,PHILADELPHIA,PA,Biotechnology,2020
philadelphia,"Rhoshan Pharmaceuticals, Inc.",Chadds Ford,PA,Pharmaceuticals,2018
philadelphia,"Ribogenics, Inc.",PHILADELPHIA,PA,Biotechnology,2018
philadelphia,Robossis Inc,CHERRY HILL,NJ,Other Health Care,
philadelphia,"Rose Therapeutics, Inc.",NORRISTOWN,PA,Biotechnology,2022
philadelphia,"RxWare, Inc.",Wilmington,DE,Other Health Care,
philadelphia,"SYNNOVATION THERAPEUTICS, INC.",WILMINGTON,DE,Biotechnology,2021
philadelphia,"Santangel, LLC",CAMDEN,DE,Other Health Care,2021
philadelphia,"Sarkana Pharma, Inc.",WILMINGTON,DE,Pharmaceuticals,2020
philadelphia,"Seneca Therapeutics, Inc.",BLUE BELL,PA,Pharmaceuticals,2018
philadelphia,"Sensible Biotechnologies, Inc.",Claymont,DE,Biotechnology,2021
philadelphia,"Sentrimed, Inc.",MULLICA HILL,NJ,Biotechnology,2023
philadelphia,Shifa Biomedical Corp,MALVERN,PA,Biotechnology,
philadelphia,"South Texas ACO Clinical Partners, LLC",KING OF PRUSSIA,PA,Other Health Care,2016
philadelphia,"StimuSIL, Inc.",WILMINGTON,DE,Biotechnology,2021
philadelphia,"Strella Biotechnology, Inc.",PHILADELPHIA,PA,Biotechnology,2019
philadelphia,"SwitchPoint Bio Holding, Inc.",WILMINGTON,DE,Biotechnology,2025
philadelphia,"Synnovation Therapeutics, Inc.",WILMINGTON,DE,Biotechnology,2021
philadelphia,"TJM Labs, Inc.",BEAR,DE,Other Health Care,2025
philadelphia,TRI-COUNTY SURGERY CENTER LLC,SOUTHAMPTON,PA,Other Health Care,
philadelphia,TRI-COUNTY SURGERY CENTER LP,SOUTHAMPTON,PA,Other Health Care,
philadelphia,"Tabula Rasa HealthCare, Inc.",Moorestown,NJ,Other Health Care,
philadelphia,TamuroBio Inc.,Wayne,PA,Biotechnology,2019
philadelphia,"Tandigm Physician Services, LLC",EXTON,PA,Other Health Care,2020
philadelphia,"Telesis Therapeutics, LLC",PHILADELPHIA,PA,Pharmaceuticals,
philadelphia,"Texoma Clinical Partners ACO, LLC",KING OF PRUSSIA,PA,Other Health Care,2019
philadelphia,"ThirdLaw Molecular, Inc.",BLUE BELL,PA,Biotechnology,2024
philadelphia,"Thrive Health Holdings, Inc.",WILMINGTON,DE,Other Health Care,2021
philadelphia,"Toby, Inc.",WILMINGTON,DE,Biotechnology,2023
philadelphia,"Toetal Solutions, Inc.",MALVERN,PA,Other Health Care,2021
philadelphia,"Transparent Health Marketplace, Inc.",WEST CHESTER,PA,Other Health Care,2018
philadelphia,"Traws Pharma, Inc.",Newtown,PA,Biotechnology,
philadelphia,"Treovir, LLC",BALA CYNWYD,PA,Biotechnology,2019
philadelphia,"Trevarx Biomedical, Inc.",PHILADELPHIA,PA,Biotechnology,
philadelphia,"Trice Medical, Inc.",MALVERN,PA,Other Health Care,
philadelphia,"Tridiuum, Inc.",PHILADELPHIA,PA,Other Health Care,
philadelphia,UE LifeSciences Inc.,PHILADELPHIA,PA,Other Health Care,
philadelphia,"Ufovax, LLC",WILMINGTON,DE,Biotechnology,2018
philadelphia,"VESTECK, INC.",WEST CHESTER,PA,Other Health Care,2019
philadelphia,"VITARA BIOMEDICAL, INC.",PHILADELPHIA,PA,Biotechnology,2019
philadelphia,"VenatoRx Pharmaceuticals, Inc.",MALVERN,PA,Pharmaceuticals,
philadelphia,"Venatorx Pharmaceuticals, Inc.",MALVERN,PA,Pharmaceuticals,
philadelphia,"Verismo Therapeutics, Inc.",Philadelphia,PA,Pharmaceuticals,2020
philadelphia,Veritas Medical Solutions LLC,HARLEYSVILLE,PA,Other Health Care,
philadelphia,Verrica Pharmaceuticals Inc.,WEST CHESTER,PA,Pharmaceuticals,
philadelphia,"ViTToria Biotherapeutics, Inc.",PHILADELPHIA,PA,Biotechnology,2021
philadelphia,"Virion Therapeutics, LLC",NEWARK,DE,Biotechnology,2018
philadelphia,"Virpax Pharmaceuticals, Inc.",BERWYN,PA,Pharmaceuticals,
philadelphia,Vistim Labs Inc.,Claymont,DE,Biotechnology,2021
philadelphia,"VitaPixel, LLC",Philadelphia,PA,Other Health Care,2024
philadelphia,Vital Start Health Inc.,PHILADELPHIA,PA,Other Health Care,2017
philadelphia,Vitana Pediatric Dental Partners LLC,BROOMALL,PA,Other Health Care,2020
philadelphia,"Vytala, Inc.",DOWNINGTOWN,PA,Biotechnology,2022
philadelphia,WETHRIVV LLC,DOYLESTOWN,PA,Other Health Care,2021
philadelphia,"Waypoint Orthopedics, Inc.",MALVERN,PA,Other Health Care,2020
philadelphia,"WindMIL Therapeutics, Inc.",PHILADELPHIA,PA,Biotechnology,
philadelphia,"XYLOCOR THERAPEUTICS, INC.",Malvern,PA,Biotechnology,
philadelphia,"Xanadu Bio, Inc.",GLADWYNE,PA,Biotechnology,2021
philadelphia,"Xiconic Pharmaceuticals, LLC",Blue Bell,PA,Pharmaceuticals,2019
philadelphia,"ZSX Medical, LLC",PHILADELPHIA,PA,Biotechnology,
philadelphia,Zymeworks Inc.,MIDDLETOWN,DE,Biotechnology,2022
philadelphia,"imCare Biotech, LLC",DOYLESTOWN,PA,Biotechnology,
pittsburgh,ALUNG TECHNOLOGIES INC,PITTSBURGH,PA,Biotechnology,
pittsburgh,Advanced Optronics Inc,PITTSBURGH,PA,Other Health Care,2021
pittsburgh,"Advanced Surgical Hospital, LLC",WASHINGTON,PA,Other Health Care,
pittsburgh,"Apollo Neuroscience, Inc.",PITTSBURGH,PA,Other Health Care,2017
pittsburgh,"Axomax Technologies, Inc.",CANONSBURG,PA,Other Health Care,2018
pittsburgh,CELSENSE INC,PITTSBURGH,PA,Biotechnology,
pittsburgh,Carmell Corp,Pittsburgh,PA,Other Health Care,2021
pittsburgh,Carmell Therapeutics Corp,PITTSBURGH,PA,Biotechnology,
pittsburgh,"Cernostics, Inc.",PITTSBURGH,PA,Biotechnology,
pittsburgh,"Coeptis Pharmaceuticals, Inc.",WEXFORD,PA,Pharmaceuticals,2018
pittsburgh,"Coeptis Therapeutics Holdings, Inc.",WEXFORD,PA,Pharmaceuticals,2022
pittsburgh,Coeptis Therapeutics Inc.,WEXFORD,PA,Pharmaceuticals,
pittsburgh,"Contra Healthcare Solutions, LLC",GIBSONIA,PA,Other Health Care,2021
pittsburgh,"Creegh Pharmaceuticals, Inc.",PITTSBURGH,PA,Pharmaceuticals,2018
pittsburgh,"CytoAgents, Inc.",PITTSBURGH,PA,Other Health Care,2018
pittsburgh,Deep Rx Inc.,PITTSBURGH,PA,Other Health Care,2019
pittsburgh,Duo Delivery LLC,PITTSBURGH,PA,Biotechnology,2020
pittsburgh,Duo Oncology Inc.,PITTSBURGH,PA,Pharmaceuticals,2020
pittsburgh,"ECM Therapeutics, Inc.",WARRENDALE,PA,Biotechnology,2017
pittsburgh,"Forest Devices, Inc.",PITTSBURGH,PA,Other Health Care,
pittsburgh,"Fountain Life Holdings, LLC",PITTSBURGH,PA,Other Health Care,2020
pittsburgh,Garden Club Penn LLC,PITTSBURGH,PA,Other Health Care,2024
pittsburgh,"Gus Gear, LLC",PITTSBURGH,PA,Other Health Care,
pittsburgh,"Handl Health, Inc.",Pittsburgh,PA,Other Health Care,2022
pittsburgh,"Impact Proteomics, LLC",PITTSBURGH,PA,Biotechnology,2017
pittsburgh,"Infectious Disease Connect, Inc.",CRANBERRY TOWNSHIP,PA,Other Health Care,2019
pittsburgh,"InnSight Technology, Inc.",PITTSBURGH,PA,Other Health Care,
pittsburgh,"Institute for Metabolic Education, LLC",PITTSBURGH,PA,Other Health Care,
pittsburgh,Knopp Biosciences LLC,PITTSBURGH,PA,Biotechnology,
pittsburgh,LIPELLA PHARMACEUTICALS INC,PITTSBURGH,PA,Pharmaceuticals,
pittsburgh,LIPELLA PHARMACEUTICALS INC.,PITTSBURGH,PA,Pharmaceuticals,
pittsburgh,"Laurelcare Investments 1, LLC",CORAOPOLIS,PA,Other Health Care,2020
pittsburgh,"Legacy Lyfe Holdings, LLC",PITTSBURGH,PA,Other Health Care,2022
pittsburgh,"Longevity Health Holdings, Inc.",PITTSBURGH,PA,Other Health Care,2021
pittsburgh,Lumis Corp.,PITTSBURGH,PA,Other Health Care,2017
pittsburgh,LyGenesis Inc.,PITTSBURGH,PA,Biotechnology,2017
pittsburgh,Moonstone Nutrition Inc.,PITTSBURGH,PA,Other Health Care,2019
pittsburgh,"NeuBase Therapeutics, Inc.",PITTSBURGH,PA,Biotechnology,
pittsburgh,Neuro-Innovators LLC,SEWICKLEY,PA,Pharmaceuticals,2021
pittsburgh,Noma AI Inc.,PITTSBURGH,PA,Other Health Care,2019
pittsburgh,Novasenta Inc.,PITTSBURGH,PA,Biotechnology,2018
pittsburgh,"Noveome Biotherapeutics, Inc.",PITTSBURGH,PA,Biotechnology,
pittsburgh,Ocugenix Corp,PITTSBURGH,PA,Other Health Care,
pittsburgh,"Organoid Therapeutics, Inc.",IRWIN,PA,Other Health Care,2019
pittsburgh,"Ovala, Inc.",PITTSBURGH,PA,Biotechnology,
pittsburgh,"Peca Labs, Inc.",PITTSBURGH,PA,Other Health Care,
pittsburgh,"PeopleOne Health, Inc.",Oakmont,PA,Other Health Care,
pittsburgh,"Peptilogics, Inc.",PITTSBURGH,PA,Biotechnology,
pittsburgh,Predictive Oncology Inc.,PITTSBURGH,PA,Biotechnology,
pittsburgh,"PredxBio, Inc.",PITTSBURGH,PA,Other Health Care,
pittsburgh,RIMSYS Inc.,PITTSBURGH,PA,Other Health Care,2020
pittsburgh,Renerva LLC,Pittsburgh,PA,Other Health Care,
pittsburgh,"Renerva, Inc.",PITTSBURGH,PA,Other Health Care,
pittsburgh,"Resilient Lifescience, Inc.",PITTSBURGH,PA,Other Health Care,2022
pittsburgh,"Respair, Inc.",PITTSBURGH,PA,Other Health Care,2021
pittsburgh,"Revitalize Energy, Inc.",PITTSBURGH,PA,Pharmaceuticals,2021
pittsburgh,SirnaMed Therapeutics Inc.,SEWICKLEY,PA,Pharmaceuticals,2023
pittsburgh,"SkinJect, Inc.",PITTSBURGH,PA,Biotechnology,
pittsburgh,"Smile Source Holdings, L.P.",PITTSBURGH,PA,Other Health Care,2023
pittsburgh,"SpIntellx, Inc.",PITTSBURGH,PA,Other Health Care,2017
pittsburgh,Stabili-Teeth Inc.,PITTSBURGH,PA,Other Health Care,
pittsburgh,"Swan NeuroTech, Inc.",CANONSBURG,PA,Biotechnology,
pittsburgh,"Union Orthotics & Prosthetics Co., LLC",PITTSBURGH,PA,Other Health Care,
pittsburgh,"VININGS HOLDINGS, INC.",WEXFORD,PA,Pharmaceuticals,
pittsburgh,"WELLIST, INC.",PITTSBURGH,PA,Other Health Care,
pittsburgh,Xlue Inc.,PITTSBURGH,PA,Other Health Care,2025
