msa,name,name_norm,tier,city,state,zip,source_form_d,source_sbir,source_nih,form_d_filings,sbir_awards,sbir_total_usd,nih_grants,nih_total_usd,year_incorp,entity_type,industry,cik,uei,duns,website,employees,sbir_first_year,sbir_last_year
pittsburgh,"3RC Home Health Holdings, LLC",3rc home health,confirmed_funded,PITTSBURGH,PA,15219,True,False,False,1.0,0.0,0.0,0.0,0.0,2018,Limited Liability Company,Other Health Care,0001759540,,,,,,
pittsburgh,ALUNG TECHNOLOGIES INC,alung technologies,confirmed_funded,PITTSBURGH,PA,15203,True,False,False,19.0,0.0,0.0,0.0,0.0,,Corporation,Biotechnology,0001179295,,,,,,
pittsburgh,Aclipse Therapeutics LLC,aclipse therapeutics,confirmed_funded,OAKMONT,PA,15139,True,False,False,1.0,0.0,0.0,0.0,0.0,2017,Limited Liability Company,Pharmaceuticals,0001730907,,,,,,
pittsburgh,"Advanced Surgical Hospital, LLC",advanced surgical hospital,confirmed_funded,WASHINGTON,PA,15301,True,False,False,1.0,0.0,0.0,0.0,0.0,,Limited Liability Company,Other Health Care,0001870467,,,,,,
pittsburgh,"Ariel Precision Medicine, Inc.",ariel precision medicine,confirmed_funded,PITTSBURGH,PA,15206,True,False,False,2.0,0.0,0.0,0.0,0.0,2017,Corporation,Biotechnology,0001674590,,,,,,
pittsburgh,"Axomax Technologies, Inc.",axomax technologies,confirmed_funded,CANONSBURG,PA,15317,True,False,False,1.0,0.0,0.0,0.0,0.0,2018,Corporation,Other Health Care,0001807373,,,,,,
pittsburgh,Brainstage Inc,brainstage,confirmed_funded,Carnegie,PA,15206,True,False,False,2.0,0.0,0.0,0.0,0.0,,Corporation,Biotechnology,0001408264,,,,,,
pittsburgh,"CHC Medical Partners, Inc.",chc medical partners,confirmed_funded,Pittsburgh,PA,15275,True,False,False,5.0,0.0,0.0,0.0,0.0,2015,Corporation,Other Health Care,0001701580,,,,,,
pittsburgh,"CIRCADIANCE, LLC",circadiance,confirmed_funded,EXPORT,PA,15632,True,False,False,3.0,0.0,0.0,0.0,0.0,,Limited Liability Company,Other Health Care,0001646751,,,,,,
pittsburgh,Carmell Corp,carmell,confirmed_funded,Pittsburgh,PA,15203,True,False,False,3.0,0.0,0.0,0.0,0.0,2021,Corporation,Other Health Care,0001842939,,,,,,
pittsburgh,"Coeptis Pharmaceuticals, Inc.",coeptis pharmaceuticals,confirmed_funded,WEXFORD,PA,15090,True,False,False,3.0,0.0,0.0,0.0,0.0,2018,Corporation,Pharmaceuticals,0001760174,,,,,,
pittsburgh,"Coeptis Therapeutics Holdings, Inc.",coeptis therapeutics,confirmed_funded,WEXFORD,PA,15090,True,False,False,5.0,0.0,0.0,0.0,0.0,2022,Corporation,Pharmaceuticals,0001759186,,,,,,
pittsburgh,Complexa Inc.,complexa,confirmed_funded,PITTSBURGH,PA,15203,True,False,False,3.0,0.0,0.0,0.0,0.0,2012,Corporation,Pharmaceuticals,0001551369,,,,,,
pittsburgh,"Contra Healthcare Solutions, LLC",contra healthcare solutions,confirmed_funded,GIBSONIA,PA,15044,True,False,False,6.0,0.0,0.0,0.0,0.0,2021,Limited Liability Company,Other Health Care,0001880961,,,,,,
pittsburgh,Deep Rx Inc.,deep rx,confirmed_funded,PITTSBURGH,PA,15237,True,False,False,2.0,0.0,0.0,0.0,0.0,2019,Corporation,Other Health Care,0002038422,,,,,,
pittsburgh,Duo Delivery LLC,duo delivery,confirmed_funded,PITTSBURGH,PA,15232,True,False,False,1.0,0.0,0.0,0.0,0.0,2020,Limited Liability Company,Biotechnology,0001842843,,,,,,
pittsburgh,"ECM Therapeutics, Inc.",ecm therapeutics,confirmed_funded,WARRENDALE,PA,15086,True,False,False,8.0,0.0,0.0,0.0,0.0,2017,Corporation,Biotechnology,0001743104,,,,,,
pittsburgh,"Epic Extremity, LLC",epic extremity,confirmed_funded,CRANBERRY TOWNSHIP,PA,16066,True,False,False,2.0,0.0,0.0,0.0,0.0,2012,Limited Liability Company,Other Health Care,0001664501,,,,,,
pittsburgh,Fitness Integration LLC,fitness integration,confirmed_funded,OAKMONT,PA,15139,True,False,False,3.0,0.0,0.0,0.0,0.0,2012,Limited Liability Company,Other Health Care,0001681977,,,,,,
pittsburgh,"Fountain Life Holdings, LLC",fountain life,confirmed_funded,PITTSBURGH,PA,15237,True,False,False,1.0,0.0,0.0,0.0,0.0,2020,Limited Liability Company,Other Health Care,0001836992,,,,,,
pittsburgh,"Gallagher Hospice, LLC",gallagher hospice,confirmed_funded,Bridgeville,PA,15017,True,False,False,1.0,0.0,0.0,0.0,0.0,2015,Limited Liability Company,Other Health Care,0001661811,,,,,,
pittsburgh,Garden Club Penn LLC,garden club penn,confirmed_funded,PITTSBURGH,PA,15233,True,False,False,1.0,0.0,0.0,0.0,0.0,2024,Limited Liability Company,Other Health Care,0002044534,,,,,,
pittsburgh,"Gus Gear, LLC",gus gear,confirmed_funded,PITTSBURGH,PA,15201,True,False,False,1.0,0.0,0.0,0.0,0.0,,Limited Liability Company,Other Health Care,0001847024,,,,,,
pittsburgh,"Handl Health, Inc.",handl health,confirmed_funded,Pittsburgh,PA,15222,True,False,False,1.0,0.0,0.0,0.0,0.0,2022,Corporation,Other Health Care,0001956608,,,,,,
pittsburgh,Helomics Holding Corp,helomics holding,confirmed_funded,PITTSBURGH,PA,15201,True,False,False,5.0,0.0,0.0,0.0,0.0,2016,Corporation,Other Health Care,0001691887,,,,,,
pittsburgh,IMAGINE PHARMA LLC,imagine pharma,confirmed_funded,Pittsburgh,PA,15219,True,False,False,3.0,0.0,0.0,0.0,0.0,,Limited Liability Company,Biotechnology,0001863161,,,,,,
pittsburgh,"InClinica, Inc.",inclinica,confirmed_funded,Pittsburgh,PA,15238,True,False,False,1.0,0.0,0.0,0.0,0.0,,Corporation,Other Health Care,0001483943,,,,,,
pittsburgh,"Infectious Disease Connect, Inc.",infectious disease connect,confirmed_funded,CRANBERRY TOWNSHIP,PA,16066,True,False,False,2.0,0.0,0.0,0.0,0.0,2019,Corporation,Other Health Care,0001930187,,,,,,
pittsburgh,"Institute for Metabolic Education, LLC",institute for metabolic education,confirmed_funded,PITTSBURGH,PA,15241,True,False,False,1.0,0.0,0.0,0.0,0.0,,Limited Liability Company,Other Health Care,0002019117,,,,,,
pittsburgh,"Interphase Medical Equipment, Inc.",interphase medical equipment,confirmed_funded,Pittsburgh,PA,15275,True,False,False,1.0,0.0,0.0,0.0,0.0,2015,Corporation,Other Health Care,0001701580,,,,,,
pittsburgh,Keystone Relief Centers LLC,keystone relief centers,confirmed_funded,PITTSBURGH,PA,15222,True,False,False,1.0,0.0,0.0,0.0,0.0,2016,Limited Liability Company,Other Health Care,0001690979,,,,,,
pittsburgh,"Krystal Biotech, Inc.",krystal biotech,confirmed_funded,PITTSBURGH,PA,15203,True,False,False,1.0,0.0,0.0,0.0,0.0,2017,Corporation,Biotechnology,0001711279,,,,,,
pittsburgh,"Laurelcare Investments 1, LLC",laurelcare investments 1,confirmed_funded,CORAOPOLIS,PA,15108,True,False,False,1.0,0.0,0.0,0.0,0.0,2020,Limited Liability Company,Other Health Care,0001809881,,,,,,
pittsburgh,"Legacy Lyfe Holdings, LLC",legacy lyfe,confirmed_funded,PITTSBURGH,PA,15237,True,False,False,2.0,0.0,0.0,0.0,0.0,2022,Limited Liability Company,Other Health Care,0001967376,,,,,,
pittsburgh,"Longevity Health Holdings, Inc.",longevity health,confirmed_funded,PITTSBURGH,PA,15203,True,False,False,1.0,0.0,0.0,0.0,0.0,2021,Corporation,Other Health Care,0001842939,,,,,,
pittsburgh,LyGenesis Inc.,lygenesis,confirmed_funded,PITTSBURGH,PA,15217,True,False,False,5.0,0.0,0.0,0.0,0.0,2017,Corporation,Biotechnology,0001739872,,,,,,
pittsburgh,"Maxim Health, LLC",maxim health,confirmed_funded,PITTSBURGH,PA,15235,True,False,False,1.0,0.0,0.0,0.0,0.0,,Limited Liability Company,Other Health Care,0001689807,,,,,,
pittsburgh,Moonstone Nutrition Inc.,moonstone nutrition,confirmed_funded,PITTSBURGH,PA,15206,True,False,False,1.0,0.0,0.0,0.0,0.0,2019,Corporation,Other Health Care,0002014005,,,,,,
pittsburgh,Mouse LLC,mouse,confirmed_funded,GIBSONIA,PA,15044,True,False,False,1.0,0.0,0.0,0.0,0.0,2019,Limited Liability Company,Biotechnology,0001785019,,,,,,
pittsburgh,"NeuBase Therapeutics, Inc.",neubase therapeutics,confirmed_funded,PITTSBURGH,PA,15219,True,False,False,1.0,0.0,0.0,0.0,0.0,,Corporation,Biotechnology,0001173281,,,,,,
pittsburgh,"Neuro Kinetics, Inc.",neuro kinetics,confirmed_funded,PITTSBURGH,PA,15238,True,False,False,4.0,0.0,0.0,0.0,0.0,,Corporation,Other Health Care,0001463256,,,,,,
pittsburgh,Neuro-Innovators LLC,neuro innovators,confirmed_funded,SEWICKLEY,PA,15143,True,False,False,2.0,0.0,0.0,0.0,0.0,2021,Limited Liability Company,Pharmaceuticals,0001960774,,,,,,
pittsburgh,Novasenta Inc.,novasenta,confirmed_funded,PITTSBURGH,PA,15219,True,False,False,2.0,0.0,0.0,0.0,0.0,2018,Corporation,Biotechnology,0001936994,,,,,,
pittsburgh,Ocugenix Corp,ocugenix,confirmed_funded,PITTSBURGH,PA,15232,True,False,False,2.0,0.0,0.0,0.0,0.0,2015,Corporation,Other Health Care,0001695037,,,,,,
pittsburgh,"Organoid Therapeutics, Inc.",organoid therapeutics,confirmed_funded,IRWIN,PA,15642,True,False,False,1.0,0.0,0.0,0.0,0.0,2019,Corporation,Other Health Care,0001807052,,,,,,
pittsburgh,"Ovala, Inc.",ovala,confirmed_funded,PITTSBURGH,PA,15239,True,False,False,2.0,0.0,0.0,0.0,0.0,,Corporation,Biotechnology,0001936997,,,,,,
pittsburgh,PHOENIX REHABILITATION & HEALTH SERVICES INC,phoenix rehabilitation health services,confirmed_funded,BLAIRSVILLE,PA,15717,True,False,False,1.0,0.0,0.0,0.0,0.0,,Corporation,Other Health Care,0001068337,,,,,,
pittsburgh,"PeopleOne Health, Inc.",peopleone health,confirmed_funded,Oakmont,PA,15139,True,False,False,3.0,0.0,0.0,0.0,0.0,,Limited Liability Company,Other Health Care,0001681977,,,,,,
pittsburgh,"Peptilogics, Inc.",peptilogics,confirmed_funded,PITTSBURGH,PA,15123,True,False,False,3.0,0.0,0.0,0.0,0.0,2013,Corporation,Biotechnology,0001663983,,,,,,
pittsburgh,"Periovance, Inc.",periovance,confirmed_funded,PITTSBURGH,PA,15238,True,False,False,1.0,0.0,0.0,0.0,0.0,2017,Corporation,Other Health Care,0001789428,,,,,,
pittsburgh,"Population Health Innovations, Inc.",population health innovations,confirmed_funded,PITTSBURGH,PA,15238,True,False,False,1.0,0.0,0.0,0.0,0.0,2018,Corporation,Other Health Care,0001762740,,,,,,
pittsburgh,Predictive Oncology Inc.,predictive oncology,confirmed_funded,PITTSBURGH,PA,15201,True,False,False,2.0,0.0,0.0,0.0,0.0,,Corporation,Biotechnology,0001446159,,,,,,
pittsburgh,"PredxBio, Inc.",predxbio,confirmed_funded,PITTSBURGH,PA,15202,True,False,False,1.0,0.0,0.0,0.0,0.0,,Corporation,Other Health Care,0001751925,,,,,,
pittsburgh,RIMSYS Inc.,rimsys,confirmed_funded,PITTSBURGH,PA,15212,True,False,False,2.0,0.0,0.0,0.0,0.0,2020,Corporation,Other Health Care,0001810104,,,,,,
pittsburgh,"Revitalize Energy, Inc.",revitalize energy,confirmed_funded,PITTSBURGH,PA,15206,True,False,False,1.0,0.0,0.0,0.0,0.0,2021,Corporation,Pharmaceuticals,0002038521,,,,,,
pittsburgh,Rijuven Corp.,rijuven,confirmed_funded,WEXFORD,PA,15090,True,False,False,2.0,0.0,0.0,0.0,0.0,2012,Corporation,Other Health Care,0001555522,,,,,,
pittsburgh,SirnaMed Therapeutics Inc.,sirnamed therapeutics,confirmed_funded,SEWICKLEY,PA,15143,True,False,False,1.0,0.0,0.0,0.0,0.0,2023,Corporation,Pharmaceuticals,0002031257,,,,,,
pittsburgh,"SkinJect, Inc.",skinject,confirmed_funded,PITTSBURGH,PA,15106,True,False,False,5.0,0.0,0.0,0.0,0.0,2015,Corporation,Biotechnology,0001640615,,,,,,
pittsburgh,"Smile Source Holdings, L.P.",smile source l p,confirmed_funded,PITTSBURGH,PA,15222,True,False,False,1.0,0.0,0.0,0.0,0.0,2023,Limited Partnership,Other Health Care,0001974852,,,,,,
pittsburgh,Stabili-Teeth Inc.,stabili teeth,confirmed_funded,PITTSBURGH,PA,15217,True,False,False,1.0,0.0,0.0,0.0,0.0,,Corporation,Other Health Care,0002088079,,,,,,
pittsburgh,"Stemnion, Inc.",stemnion,confirmed_funded,PITTSBURGH,PA,15219,True,False,False,1.0,0.0,0.0,0.0,0.0,,Corporation,Biotechnology,0001478304,,,,,,
pittsburgh,"Swan NeuroTech, Inc.",swan neurotech,confirmed_funded,CANONSBURG,PA,15317,True,False,False,1.0,0.0,0.0,0.0,0.0,,Corporation,Biotechnology,0001807373,,,,,,
pittsburgh,THAR PHARMACEUTICALS INC,thar pharmaceuticals,confirmed_funded,PITTSBURGH,PA,15238,True,False,False,1.0,0.0,0.0,0.0,0.0,,Corporation,Pharmaceuticals,0001428369,,,,,,
pittsburgh,"Treatspace, Inc.",treatspace,confirmed_funded,PITTSBURGH,PA,15206,True,False,False,1.0,0.0,0.0,0.0,0.0,2012,Corporation,Other Health Care,0001651071,,,,,,
pittsburgh,"Union Orthotics & Prosthetics Co., LLC",union orthotics prosthetics,confirmed_funded,PITTSBURGH,PA,15201,True,False,False,1.0,0.0,0.0,0.0,0.0,,Limited Liability Company,Other Health Care,0001828949,,,,,,
pittsburgh,"VININGS HOLDINGS, INC.",vinings,confirmed_funded,WEXFORD,PA,15090,True,False,False,2.0,0.0,0.0,0.0,0.0,,Corporation,Pharmaceuticals,0001819663,,,,,,
pittsburgh,"WELLIST PBC, INC.",wellist,confirmed_funded,Pittsburgh,PA,15215,True,False,False,11.0,0.0,0.0,0.0,0.0,2015,Corporation,Other Health Care,0001640843,,,,,,
pittsburgh,"Well Bridge Health, Inc.",well bridge health,confirmed_funded,PITTSBURGH,PA,15203,True,False,False,2.0,0.0,0.0,0.0,0.0,2012,Corporation,Other Health Care,0001652816,,,,,,
pittsburgh,"Wright Therapy Products, Inc.",wright therapy products,confirmed_funded,OAKDALE,PA,15071,True,False,False,1.0,0.0,0.0,0.0,0.0,,Corporation,Other Health Care,0001483094,,,,,,
pittsburgh,Xlue Inc.,xlue,confirmed_funded,PITTSBURGH,PA,15232,True,False,False,1.0,0.0,0.0,0.0,0.0,2025,Corporation,Other Health Care,0002098137,,,,,,
pittsburgh,"ZAHN Parent, LLC",zahn parent,confirmed_funded,NEW CASTLE,PA,16101,True,False,False,1.0,0.0,0.0,0.0,0.0,2019,Limited Liability Company,Other Health Care,0001790914,,,,,,
pittsburgh,ACCIPITER SYSTEMS INC,accipiter systems,confirmed_grant,WEXFORD,PA,15090-8319,False,True,False,0.0,9.0,6710134.26,0.0,0.0,,,,,JLPWW7HYM3Z8,145381781,http://www.accipitersystems.com,15,2009,2022
pittsburgh,ADDITIVE INNOVATIONS LLC,additive innovations,confirmed_grant,PITTSBURGH,PA,15222-3818,False,True,False,0.0,4.0,579293.19,0.0,0.0,,,,,GY5LAG926WE9,,https://www.additiveinnovations.com,2,2023,2025
pittsburgh,"ADVANCED RESPIRATORY TECHNOLOGIES, INC.",advanced respiratory technologies,confirmed_grant,PITTSBURGH,PA,15238-1368,False,True,True,0.0,4.0,2072075.0,3.0,820541.0,,,,,XZ5YANHS5K65,079787754,,7,2017,2024
pittsburgh,"AGENT DYNAMICS, INC.",agent dynamics,confirmed_grant,Pittsburgh,PA,-,False,True,False,0.0,2.0,851268.0,0.0,0.0,,,,,,185438178,,3,2009,2011
pittsburgh,AGENTASE LLC,agentase,confirmed_grant,Pittsburgh,PA,15213,False,True,False,0.0,12.0,5158880.0,0.0,0.0,,,,,SW2JX7CHDT85,041791695,,20,1998,2005
pittsburgh,AIMILIGHT SENSORS AND INTELLIGENT SYSTEMS,aimilight sensors and intelligent systems,confirmed_grant,PITTSBURGH,PA,15241-3133,False,True,False,0.0,2.0,400000.0,0.0,0.0,,,,,ELL4HU9RBDM3,,www.aimili.com,3,2024,2025
pittsburgh,"ALERTEK, LLC",alertek,confirmed_grant,PITTSBURGH,PA,15217-2171,False,True,False,0.0,2.0,850000.0,0.0,0.0,,,,,,014163248,,,2009,2011
pittsburgh,ANACTISIS LLC,anactisis,confirmed_grant,PITTSBURGH,PA,15217-1210,False,True,False,0.0,5.0,1725353.0,0.0,0.0,,,,,DLJ2RMBWYSM3,079848182,https://anactisis.com,7,2018,2025
pittsburgh,ANSOFT CORP.,ansoft,confirmed_grant,pittsburgh,PA,15219,False,True,False,0.0,2.0,3407025.0,0.0,0.0,,,,,,119112688,,314,1991,2004
pittsburgh,ANTAKAMATICS INC,antakamatics,confirmed_grant,PITTSBURGH,PA,15213-3316,False,True,False,0.0,0.0,194701.0,0.0,0.0,,,,,YUFBECC21KF3,556258676,,2,2001,2001
pittsburgh,"APPLIED PERCEPTION, INC.",applied perception,confirmed_grant,Cranberry Township,PA,16066,False,True,False,0.0,6.0,1834845.0,0.0,0.0,,,,,,043712442,,13,2003,2006
pittsburgh,"APPLIED TRAINING SOLUTIONS, LLC",applied training solutions,confirmed_grant,Greensburg,PA,15601-3035,False,True,False,0.0,2.0,199976.49,0.0,0.0,,,,,E8ANLA44XRD9,809625507,https://www.Appliedtrg.com,112,2019,2019
pittsburgh,ARIECA INC.,arieca,confirmed_grant,PITTSBURGH,PA,15208-2598,False,True,False,0.0,3.0,1239700.0,0.0,0.0,,,,,RUGGHFQJ29U8,081152483,http://www.arieca.com,10,2018,2023
pittsburgh,"ARTSCO, INC.",artsco,confirmed_grant,Pittsburgh,PA,15238,False,True,False,0.0,2.0,650014.0,0.0,0.0,,,,,,,,,1996,1998
pittsburgh,ASSESSMENTS ILLUSTRATED,assessments illustrated,confirmed_grant,Allison Park,PA,-,False,True,False,0.0,2.0,1188860.0,0.0,0.0,,,,,,610446234,,,2008,2012
pittsburgh,"ASTRIA BIOSCIENCES, INC.",astria biosciences,confirmed_grant,PITTSBURGH,PA,15234-1809,False,True,False,0.0,1.0,275000.0,0.0,0.0,,,,,FTSCRAY4T686,,,5,2024,2024
pittsburgh,ASTROBOTIC TECHNOLOGY INC,astrobotic technology,confirmed_grant,PITTSBURGH,PA,15233-2132,False,True,False,0.0,52.0,33759466.93,0.0,0.0,,,,,JAQ3W2MGVNV1,019738852,https://www.astrobotic.com,225,2010,2025
pittsburgh,"AT SCIENCES, LLC",at sciences,confirmed_grant,Pittsburgh,PA,15213 5213,False,True,False,0.0,6.0,1807211.0,0.0,0.0,,,,,,144951857,,2,2000,2008
pittsburgh,ATLAS MEDTECH LLC,atlas medtech,confirmed_grant,Pittsburgh,PA,15228-1834,False,True,False,0.0,1.0,50000.0,0.0,0.0,,,,,J8CKDTF3YNN8,088843275,,4,2021,2021
pittsburgh,"ATRP Solutions, Inc.",atrp solutions,confirmed_grant,Pittsburgh,PA,15238-0000,False,True,False,0.0,4.0,1514944.0,0.0,0.0,,,,,,787855522,,4,2009,2014
pittsburgh,"AUGMENTECH, INC.",augmentech,confirmed_grant,PITTSBURGH,PA,15213,False,True,False,0.0,10.0,1947188.0,0.0,0.0,,,,,,613722933,,,1990,2009
pittsburgh,AUGUST RESEARCH SYSTEMS INC,august research systems,confirmed_grant,BETHEL PARK,PA,15102-2546,False,True,False,0.0,3.0,359176.0,0.0,0.0,,,,,GW8VHBZ3Z875,197732329,,5,2010,2023
pittsburgh,"AUTOMATIKA, INC.",automatika,confirmed_grant,Pittsburgh,PA,15238,False,True,False,0.0,4.0,1753504.0,0.0,0.0,,,,,,017018289,,10,2000,2007
pittsburgh,Accel Software Engineering,accel software engineering,confirmed_grant,Export,PA,15632,False,True,False,0.0,0.0,693804.0,0.0,0.0,,,,,,,,3,1994,1995
pittsburgh,Activity Rhythm Solutions Corporation,activity rhythm solutions,confirmed_grant,Gibsonia,PA,15044-8367,False,True,True,0.0,1.0,427412.0,2.0,427412.0,,,,,V42PXSKGYXJ5,117247815,,3,2021,2021
pittsburgh,Advanced Materials Corp,advanced materials,confirmed_grant,Pittsburgh,PA,15220-2828,False,True,False,0.0,7.0,5476255.0,0.0,0.0,,,,,TA3YNAMLMC43,175305051,,6,1987,2007
pittsburgh,"Advanced Parachutes, LLC",advanced parachutes,confirmed_grant,EVANS CITY,PA,16033-1016,False,True,False,0.0,1.0,109914.0,0.0,0.0,,,,,ZPTJW8AB8YK6,,,17,2025,2025
pittsburgh,Airviz Inc.,airviz,confirmed_grant,Pittsburgh,PA,15213-1403,False,True,True,0.0,1.0,149825.0,1.0,149825.0,,,,,SNDQKNXKE7Y6,117247463,http://www.airvizinc.com,7,2021,2021
pittsburgh,American Cimflex Corpon,american cimflex corpon,confirmed_grant,Pittsburgh,PA,15275,False,True,False,0.0,0.0,50000.0,0.0,0.0,,,,,,,,,1988,1988
pittsburgh,"Ancure, LLC",ancure,confirmed_grant,Pittsburgh,PA,15213,False,True,True,0.0,3.0,1411751.0,6.0,2373502.0,,,,,VWEJK1SEEV76,079298542,,2,2015,2019
pittsburgh,Anderson Consulting &,anderson consulting,confirmed_grant,Pittsburgh,PA,15238,False,True,False,0.0,1.0,48620.0,0.0,0.0,,,,,,,,,1995,1995
pittsburgh,Aneurisk Inc.,aneurisk,confirmed_grant,Pittsburgh,PA,15217,False,True,False,0.0,1.0,275000.0,0.0,0.0,,,,,S4X2SLK696X4,,www.aneurisk.ai,7,2024,2024
pittsburgh,AnkyrBio LLC,ankyrbio,confirmed_grant,PITTSBURGH,PA,15203-2194,False,True,False,0.0,1.0,225000.0,0.0,0.0,,,,,NG5TMNJJRZN9,116707002,http://www.ankyrbio.com,1,2020,2020
pittsburgh,"Ant Automation, LLC",ant automation,confirmed_grant,Pittsburgh,PA,15237-6246,False,True,False,0.0,2.0,923311.0,0.0,0.0,,,,,JHBHNAWJ4G21,005302432,https://www.ant-automation.com,8,2021,2022
pittsburgh,Antaire Corp,antaire,confirmed_grant,Pittsburgh,PA,15213,False,True,False,0.0,0.0,297924.0,0.0,0.0,,,,,,,,2,1992,1993
pittsburgh,Archdia Inc.,archdia,confirmed_grant,Cranberry Township,PA,16066-3349,False,True,False,0.0,1.0,274894.0,0.0,0.0,,,,,Y5BBJKABW1L5,,http://www.ArchDia.com,4,2023,2023
pittsburgh,"Automated Cell Technology,",automated cell technology,confirmed_grant,Oakmont,PA,15139,False,True,False,0.0,1.0,916498.0,0.0,0.0,,,,,,,,,1997,1999
pittsburgh,"Axion Power International, Inc.",axion power international,confirmed_grant,New Castle,PA,16105-,False,True,False,0.0,1.0,150000.0,0.0,0.0,,,,,,808067719,,80,2012,2012
pittsburgh,"BBM TECHNOLOGIES, INC.",bbm technologies,confirmed_grant,Coraopolis,PA,15108,False,True,False,0.0,2.0,813161.0,0.0,0.0,,,,,,809452535,,3,2003,2004
pittsburgh,BEHAIVIOR LLC,behaivior,confirmed_grant,PITTSBURGH,PA,15206,False,True,True,0.0,4.0,2270972.0,5.0,1235782.0,,,,,PW52CMXHXAH5,080653362,https://www.behaivior.com,5,2018,2024
pittsburgh,BIOCOGNON LLC,biocognon,confirmed_grant,PITTSBURGH,PA,15203-2194,False,True,True,0.0,2.0,576574.0,1.0,303024.0,,,,,WSN5XJ2KMEZ4,,https://www.biocognon.com,2,2024,2025
pittsburgh,BIOMED RESEARCH & TECHNOLOGIES,biomed research technologies,confirmed_grant,WEXFORD,PA,15090,False,True,False,0.0,0.0,463205.0,0.0,0.0,,,,,,,,,1996,2000
pittsburgh,BIOMOTIVATE LLC,biomotivate,confirmed_grant,PITTSBURGH,PA,15222-2224,False,True,True,0.0,2.0,613364.0,4.0,864856.0,,,,,KDDUKB5QNGJ6,081362486,http://www.biomotivate.com,1,2020,2025
pittsburgh,BLADE DIAGNOSTICS CORPORATION,blade diagnostics,confirmed_grant,PITTSBURGH,PA,15217-2320,False,True,False,0.0,18.0,9526264.0,0.0,0.0,,,,,SV8XUL8L27J4,170204825,https://bladediagnostics.com,9,2005,2025
pittsburgh,"BLUE BELT TECHNOLOGIES, INC.",blue belt technologies,confirmed_grant,PITTSBURGH,PA,15213-,False,True,False,0.0,10.0,3208221.0,0.0,0.0,,,,,,146794537,,,2002,2010
pittsburgh,"BODYMEDIA ADVANCED DEVELOPMENT, INC.",bodymedia advanced development,confirmed_grant,Pittsburgh,PA,15222-,False,True,False,0.0,2.0,524703.0,0.0,0.0,,,,,,167876197,,5,2008,2011
pittsburgh,BORON SPECIALTIES LLC,boron specialties,confirmed_grant,AMBRIDGE,PA,15003-1865,False,True,False,0.0,3.0,1027142.0,0.0,0.0,,,,,F4QTD7DHDXB9,830710880,www.boron.com,6,2016,2024
pittsburgh,BRASHEAR LP,brashear lp,confirmed_grant,Pittsburgh,PA,15238,False,True,False,0.0,8.0,3850360.0,0.0,0.0,,,,,,088107990,,160,2002,2004
pittsburgh,"Bansen Labs, LLC",bansen labs,confirmed_grant,PITTSBURGH,PA,15206-3010,False,True,False,0.0,2.0,1224702.0,0.0,0.0,,,,,DE8ERL5D55C5,079525727,http://myxogo.com/,4,2020,2022
pittsburgh,"Battery Technology Center,",battery technology center,confirmed_grant,Pittsburgh,PA,15238,False,True,False,0.0,0.0,550000.0,0.0,0.0,,,,,,,,3,1993,1995
pittsburgh,BioCAX LLC,biocax,confirmed_grant,Sewickley,PA,15143,False,True,False,0.0,1.0,99829.0,0.0,0.0,,,,,,831371021,www.biocax.com,3,2010,2010
pittsburgh,BioHybrid Solutions LLC,biohybrid solutions,confirmed_grant,Pittsburgh,PA,15238-1329,False,True,False,0.0,4.0,2312137.0,0.0,0.0,,,,,FYJVL3L6XLU5,080124655,https://www.biohybridsolutions.com,18,2016,2019
pittsburgh,"Biomation, Ltd.",biomation,confirmed_grant,Pittsburgh,PA,,False,True,False,0.0,0.0,77184.0,0.0,0.0,,,,,,,,,1996,1996
pittsburgh,BirdBrain Technologies LLC,birdbrain technologies,confirmed_grant,Pittsburgh,PA,15208-2560,False,True,False,0.0,3.0,1121909.0,0.0,0.0,,,,,EU8LUTPR8QJ5,832762517,www.birdbraintechnologies.com,5,2010,2018
pittsburgh,"Bloomfield Robotics, Inc.",bloomfield robotics,confirmed_grant,Pittsburgh,PA,15206-4306,False,True,False,0.0,1.0,125000.0,0.0,0.0,,,,,CY75H99CJMV7,117008819,https://bloomfield.ai,8,2021,2021
pittsburgh,Bucket Robotics INC,bucket robotics,confirmed_grant,Pittsburgh,PA,15222,False,True,False,0.0,2.0,1358546.0,0.0,0.0,,,,,ZFFUNJX3EN94,,https://bucket.bot,2,2025,2025
pittsburgh,BuildSimHub Inc.,buildsimhub,confirmed_grant,Wexford,PA,15090-1545,False,True,False,0.0,1.0,148141.0,0.0,0.0,,,,,KCM2AD86XL95,,http://www.buildsim.io,4,2018,2018
pittsburgh,C360 TECHNOLOGIES INC,c360 technologies,confirmed_grant,WEXFORD,PA,15090-8319,False,True,False,0.0,5.0,2267301.4,0.0,0.0,,,,,RJQDEJ3XCJF9,081251256,https://www.c360live.com/,26,2020,2023
pittsburgh,"CAI, YANG",cai yang,confirmed_grant,PITTSBURGH,PA,15237-4187,False,True,False,0.0,1.0,99840.0,0.0,0.0,,,,,,141955075,http://www.ambint.com,3,2008,2008
pittsburgh,CARCO ELECTRONICS,carco electronics,confirmed_grant,Pittsburgh,PA,15238,False,True,False,0.0,2.0,143620.0,0.0,0.0,,,,,,932036031,,70,2002,2003
pittsburgh,"CARLEY TECHNOLOGIES, INC",carley technologies,confirmed_grant,SEWICKLEY,PA,15143-8871,False,True,False,0.0,18.0,10588210.0,0.0,0.0,,,,,QH1XBCBMD1E3,801266102,https://www.netnaomics.com,8,2008,2026
pittsburgh,"CARNEGIE GROUP, INC.",carnegie,confirmed_grant,Pittsburgh,PA,15222,False,True,False,0.0,0.0,2583419.0,0.0,0.0,,,,,,,,27,1987,1998
pittsburgh,"CASURGICA, INC.",casurgica,confirmed_grant,Pittsburgh,PA,15224,False,True,False,0.0,1.0,491401.0,0.0,0.0,,,,,,,http://,0,2004,2004
pittsburgh,"CELLSTOCK, LLC",cellstock,confirmed_grant,PITTSBURGH,PA,15237-1941,False,True,False,0.0,1.0,124210.0,0.0,0.0,,,,,,828833918,,0,2010,2010
pittsburgh,"CEREVE, INC.",cereve,confirmed_grant,PITTSBURGH,PA,15222-1109,False,True,False,0.0,2.0,2222960.0,0.0,0.0,,,,,,828878384,,,2009,2011
pittsburgh,CES LLC,ces,confirmed_grant,Bridgeville,PA,15017,False,True,False,0.0,1.0,99988.0,0.0,0.0,,,,,,,,15,2005,2005
pittsburgh,"CHEMIA BIOSCIENCES, INC.",chemia biosciences,confirmed_grant,PITTSBURGH,PA,15217-3019,False,True,True,0.0,5.0,1939440.0,4.0,1682940.0,,,,,F91YML3Q7YU3,117956291,,2,2023,2025
pittsburgh,CLEARCOUNT MEDICAL SOLUTIONS,clearcount medical solutions,confirmed_grant,PITTSBURGH,PA,15212 0591,False,True,False,0.0,2.0,1174880.0,0.0,0.0,,,,,,,,,2004,2006
pittsburgh,CM Technologies Corporation,cm technologies,confirmed_grant,CORAOPOLIS,PA,15108-1604,False,True,False,0.0,1.0,150000.0,0.0,0.0,,,,,QFA4J4RLCT63,794644781,www.ecadusa.com,20,2016,2016
pittsburgh,"COMPUTATIONAL DIAGNOSTICS, INC.",computational diagnostics,confirmed_grant,Pittsburgh,PA,15213,False,True,False,0.0,1.0,1110783.0,0.0,0.0,,,,,VWGBAWP955T6,785924853,,12,1999,2006
pittsburgh,CONCURRENT ELECTRONIC DESIGN AUTOMATION LLC,concurrent electronic design automation,confirmed_grant,PITTSBURGH,PA,15213-1851,False,True,False,0.0,1.0,100000.0,0.0,0.0,,,,,CKL8PBGPEEV3,806690090,,7,2009,2009
pittsburgh,COREPOWER MAGNETICS INC,corepower magnetics,confirmed_grant,PITTSBURGH,PA,15219-3675,False,True,False,0.0,5.0,2147510.0,0.0,0.0,,,,,ZG4MT7M5THD1,117643281,https://www.corepowermagnetics.com,9,2021,2022
pittsburgh,"COSTELLO PHARMACEUTICAL, LLC",costello pharmaceutical,confirmed_grant,WEXFORD,PA,15090 9687,False,True,False,0.0,2.0,200313.0,0.0,0.0,,,,,,084343214,,,1997,2008
pittsburgh,CRYSTAL PLEX,crystal plex,confirmed_grant,PITTSBURGH,PA,15203-2168,False,True,False,0.0,1.0,99778.0,0.0,0.0,,,,,,615986564,,4,2007,2007
pittsburgh,"CSIDEALAB, LLC",csidealab,confirmed_grant,PITTSBURGH,PA,-,False,True,False,0.0,2.0,643476.0,0.0,0.0,,,,,,832750777,,6,2012,2013
pittsburgh,CYBERGENETICS CORPORATION,cybergenetics,confirmed_grant,PITTSBURGH,PA,15213,False,True,False,0.0,1.0,1126487.0,0.0,0.0,,,,,,,,,1997,2000
pittsburgh,Caldon Inc,caldon,confirmed_grant,Pittsburgh,PA,15216,False,True,False,0.0,0.0,50000.0,0.0,0.0,,,,,,,,,1992,1992
pittsburgh,Captionamerica,captionamerica,confirmed_grant,Pittsburgh,PA,15222,False,True,False,0.0,0.0,232159.0,0.0,0.0,,,,,,,,,1990,1991
pittsburgh,"Cardiacassist, Inc.",cardiacassist,confirmed_grant,Pittsburgh,PA,15238 0290,False,True,False,0.0,2.0,1025955.0,0.0,0.0,,,,,,,,,2004,2005
pittsburgh,"Cardiopulmary Technologies,",cardiopulmary technologies,confirmed_grant,Pittsburgh,PA,15232,False,True,False,0.0,0.0,199955.0,0.0,0.0,,,,,,,,,1998,1998
pittsburgh,Carnegie Federal Sys Corp,carnegie federal sys,confirmed_grant,Pittsburgh,PA,15219,False,True,False,0.0,0.0,50000.0,0.0,0.0,,,,,,,,,1986,1986
pittsburgh,"Carnegie Learning, Inc.",carnegie learning,confirmed_grant,PITTSBURGH,PA,15219-4447,False,True,False,0.0,1.0,174054.0,0.0,0.0,,,,,J1NLRZ1MMD27,054011130,https://www.carnegielearning.com/,252,2002,2004
pittsburgh,Carnegie Robotics LLC,carnegie robotics,confirmed_grant,Pittsburgh,PA,15201-3023,False,True,False,0.0,10.0,3527176.61,0.0,0.0,,,,,WKVNZKNJQS84,796315492,http://www.carnegierobotics.com,112,2011,2024
pittsburgh,Carnegie Speech Company,carnegie speech,confirmed_grant,Pittsburgh,PA,15213,False,True,False,0.0,2.0,456851.0,0.0,0.0,,,,,,,,2,2001,2010
pittsburgh,"Chem-Space Associates, Inc.",chem space associates,confirmed_grant,Pittsburgh,PA,15238,False,True,False,0.0,1.0,518567.0,0.0,0.0,,,,,,,,,1996,2005
pittsburgh,ChemImage Corporation,chemimage,confirmed_grant,PITTSBURGH,PA,15208-2578,False,True,True,0.0,6.0,3257553.73,1.0,123500.0,,,,,VK8BTHS39FH3,931897748,www.chemimage.com,115,2004,2020
pittsburgh,ChemImage Sensor Systems,chemimage sensor systems,confirmed_grant,Pittsburgh,PA,15208-2528,False,True,False,0.0,11.0,4639292.0,0.0,0.0,,,,,CG29BHXACWW3,130388387,,69,2000,2014
pittsburgh,"Chestnut Ridge Foam, Inc.",chestnut ridge foam,confirmed_grant,Latrobe,PA,15650,False,True,False,0.0,1.0,135300.0,0.0,0.0,,,,,HX1JP9AJSJN4,,www.chestnutrigefoam.com,115,2025,2025
pittsburgh,Cityscope & Mobility Co,cityscope mobility,confirmed_grant,Bolivar,PA,15923,False,True,False,0.0,0.0,30000.0,0.0,0.0,,,,,,,,,1987,1987
pittsburgh,CoPilot Systems Inc,copilot systems,confirmed_grant,Pittsburgh,PA,15216,False,True,False,0.0,1.0,74468.0,0.0,0.0,,,,,YSQBA6B82MM1,,www.trainwell.net,99,2025,2025
pittsburgh,CoachSafe PlaySafe LLC,coachsafe playsafe,confirmed_grant,New Castle,PA,16105-2807,False,True,False,0.0,1.0,225000.0,0.0,0.0,,,,,NXX8AQ3RJZH7,080044767,,2,2016,2016
pittsburgh,Computational Consulting,computational consulting,confirmed_grant,Pittsburgh,PA,15237 0164,False,True,False,0.0,1.0,99797.0,0.0,0.0,,,,,,,,4,2006,2006
pittsburgh,"Concept Engineering Group,",concept engineering,confirmed_grant,Pittsburgh,PA,15238,False,True,False,0.0,0.0,98779.0,0.0,0.0,,,,,,,,5,1996,1996
pittsburgh,Consad Research Corp.,consad research,confirmed_grant,Pittsburgh,PA,15206,False,True,False,0.0,0.0,471166.0,0.0,0.0,,,,,,,,25,1988,1991
pittsburgh,"Crono, LLC.",crono,confirmed_grant,Glenshaw,PA,15116 1136,False,True,False,0.0,1.0,100000.0,0.0,0.0,,,,,,826681889,,3,2009,2009
pittsburgh,DEEPCONVO INC,deepconvo,confirmed_grant,PITTSBURGH,PA,15238-2643,False,True,False,0.0,2.0,1255978.0,0.0,0.0,,,,,JR2AJVJ54K45,081077473,http://www.telling.ai,5,2020,2023
pittsburgh,"DRS SCIENTIFIC, INC.",drs scientific,confirmed_grant,NEW KENSINGTON,PA,15068-6903,False,True,False,0.0,3.0,385638.0,0.0,0.0,,,,,K7URRA4CQFB1,612588603,,2,2001,2015
pittsburgh,"DYNAMIC CONTOURS, LLC",dynamic contours,confirmed_grant,ALLISON PARK,PA,15101,False,True,False,0.0,0.0,308593.0,0.0,0.0,,,,,,,,,2000,2001
pittsburgh,Dasys Inc.,dasys,confirmed_grant,Pittsburgh,PA,15212,False,True,False,0.0,0.0,363809.0,0.0,0.0,,,,,,,,,1991,1994
pittsburgh,Data Communications Corp.,data communications,confirmed_grant,Pittsburgh,PA,15212,False,True,False,0.0,0.0,75000.0,0.0,0.0,,,,,,,,,1994,1994
pittsburgh,Desantage Corporation,desantage,confirmed_grant,Pittsburgh,PA,15222 4600,False,True,False,0.0,3.0,949993.0,0.0,0.0,,,,,,145858614,,11,2004,2008
pittsburgh,Digimmune Corporation,digimmune,confirmed_grant,Bethel Park,PA,15102 0142,False,True,False,0.0,1.0,99999.0,0.0,0.0,,,,,,,,2,2003,2003
pittsburgh,"Digital Dream Labs, LLC",digital dream labs,confirmed_grant,Pittsburgh,PA,15212,False,True,False,0.0,1.0,225000.0,0.0,0.0,,,,,D6H9DBKCYGZ1,079689335,www.digitaldreamlabs.com,7,2016,2016
pittsburgh,Dymax Corpon,dymax corpon,confirmed_grant,Pittsburgh,PA,15238,False,True,False,0.0,0.0,202219.0,0.0,0.0,,,,,,,,,1983,1992
pittsburgh,"Dynamic Eye, Inc.",dynamic eye,confirmed_grant,Pittsburgh,PA,-,False,True,False,0.0,3.0,941556.0,0.0,0.0,,,,,,130917581,www.dyneye.com,4,2005,2011
pittsburgh,"E A Fischione Instruments, Inc.",e a fischione instruments,confirmed_grant,Export,PA,15632 0897,False,True,False,0.0,1.0,849980.0,0.0,0.0,,,,,,,,,2004,2005
pittsburgh,EDGE CASE RESEARCH INC,edge case research,confirmed_grant,PITTSBURGH,PA,15222-5621,False,True,False,0.0,12.0,7458053.3100000005,0.0,0.0,,,,,HTS8PL9HG6Y1,079236872,www.ecr.ai,53,2014,2026
pittsburgh,EDalytics,edalytics,confirmed_grant,Pittsburgh,PA,15208-2911,False,True,False,0.0,1.0,98259.0,0.0,0.0,,,,,,828637392,,2,2011,2011
pittsburgh,ELIZUR CORPORATION,elizur,confirmed_grant,PITTSBURGH,PA,15237-6032,False,True,True,0.0,1.0,259612.0,1.0,259612.0,,,,,HN5MHAE5ADQ9,130040897,https://www.elizur.com,103,2022,2022
pittsburgh,EMEC Consultants,emec consultants,confirmed_grant,Export,PA,15632,False,True,False,0.0,2.0,1924421.0,0.0,0.0,,,,,,,,,1984,2003
pittsburgh,ENSION Inc,ension,confirmed_grant,BUTLER,PA,16002-7658,False,True,True,0.0,25.0,14859348.0,8.0,4722935.0,,,,,Y4P6UDJLXLN3,100758015,http://www.ension.com,7,2001,2025
pittsburgh,"EQUA HEALTH, INC.",equa health,confirmed_grant,PITTSBURGH,PA,15212-5359,False,True,True,0.0,2.0,1209593.0,2.0,1209593.0,,,,,KWZSGL2VNZ53,118265809,https://equahealth.io,8,2024,2025
pittsburgh,ESTAT ACTUATION INC,estat actuation,confirmed_grant,PITTSBURGH,PA,15217-2651,False,True,False,0.0,6.0,2639330.0,0.0,0.0,,,,,GNHZJY3VLDP5,117083877,https://www.estatactuation.com/,10,2019,2023
pittsburgh,"ETOVIA SYSTEMS, INC.",etovia systems,confirmed_grant,Allison Park,PA,15101 0333,False,True,False,0.0,2.0,894934.0,0.0,0.0,,,,,,077753114,,11,1986,2006
pittsburgh,EXTRUDE HONE CORP.,extrude hone,confirmed_grant,Irwin,PA,15642,False,True,False,0.0,4.0,1310747.0,0.0,0.0,,,,,,184765738,,444,1984,2005
pittsburgh,Echogenesis Therapeutics Inc,echogenesis therapeutics,confirmed_grant,Pittsburgh,PA,15232,False,True,True,0.0,1.0,305628.0,1.0,305628.0,,,,,NZCGRHMV5ZQ4,,,3,2025,2025
pittsburgh,"Elektroda, LLC",elektroda,confirmed_grant,PITTSBURGH,PA,15208-2438,False,True,False,0.0,1.0,253773.0,0.0,0.0,,,,,KL8NR26AEVP4,081299442,http://www.elektroda-us.com,1,2023,2023
pittsburgh,"Ewear Technologies, LLC",ewear technologies,confirmed_grant,Wexford,PA,15090-9686,False,True,True,0.0,1.0,150000.0,1.0,150000.0,,,,,MH88BTSMQLH4,080780124,,4,2019,2019
pittsburgh,"Exportech Company, Inc.",exportech,confirmed_grant,New Kensington,PA,15068 0058,False,True,False,0.0,3.0,3148250.0,0.0,0.0,,,,,,,,,1983,2001
pittsburgh,Extrel Corp,extrel,confirmed_grant,Pittsburgh,PA,15238,False,True,False,0.0,0.0,963966.0,0.0,0.0,,,,,,,,,1985,1991
pittsburgh,"FALCON GENOMICS, INC.",falcon genomics,confirmed_grant,Allison Park,PA,15101,False,True,False,0.0,1.0,269640.0,0.0,0.0,,,,,,168092323,www.falcongenomics.com,1,2010,2010
pittsburgh,"FLIPSIDE MEDIA, INC.",flipside media,confirmed_grant,GLENSHAW,PA,15116,False,True,False,0.0,1.0,103604.0,0.0,0.0,,,,,,,,,2004,2004
pittsburgh,"FLUOROUS TECHNOLOGIES, INC.",fluorous technologies,confirmed_grant,PITTSBURGH,PA,15238,False,True,False,0.0,10.0,4126000.0,0.0,0.0,,,,,,010561103,,,2001,2007
pittsburgh,FORALLSECURE. INC.,forallsecure,confirmed_grant,PITTSBURGH,PA,15213-3409,False,True,False,0.0,1.0,1974601.0,0.0,0.0,,,,,E38FVSYKFFD9,078406870,https://forallsecure.com,31,2025,2025
pittsburgh,"FPOLISOLUTIONS, LLC",fpolisolutions,confirmed_grant,PITTSBURGH,PA,15238-1330,False,True,False,0.0,5.0,6306500.0,0.0,0.0,,,,,EH81AMF2GNR4,078617013,http://www.fpolisolutions.com,10,2016,2024
pittsburgh,FTI,fti,confirmed_grant,Pittsburgh,PA,15238,False,True,False,0.0,1.0,92530.0,0.0,0.0,,,,,,,,14,2005,2005
pittsburgh,"FURANICA, INC.",furanica,confirmed_grant,PITTSBURGH,PA,15215,False,True,True,0.0,3.0,817656.0,4.0,1111199.0,,,,,EXSNSDEFJVZ1,080472489,https://www.furanica.com,2,2018,2023
pittsburgh,Fluorometrix Biomedical Company ,fluorometrix biomedical,confirmed_grant,Pittsburgh,PA,15219-2002,False,True,True,0.0,1.0,149674.0,1.0,149674.0,,,,,,079472599,,3,2016,2016
pittsburgh,"Four Growers, Inc.",four growers,confirmed_grant,Pittsburgh,PA,15213-1451,False,True,False,0.0,1.0,99991.0,0.0,0.0,,,,,,080854977,,2,2018,2018
pittsburgh,"Frac Biologics, Inc.",frac biologics,confirmed_grant,Pittsburgh,PA,15219-2024,False,True,False,0.0,1.0,100000.0,0.0,0.0,,,,,,965447654,,8,2011,2011
pittsburgh,Frontier Systems Inc.,frontier systems,confirmed_grant,Pittsburgh,PA,15219,False,True,False,0.0,0.0,284571.0,0.0,0.0,,,,,,,,,1992,1996
pittsburgh,"GDGS, LLC",gdgs,confirmed_grant,Zelienople,PA,16063-1143,False,True,False,0.0,1.0,140000.0,0.0,0.0,,,,,QKLAG9ARE793,117399355,,14,2020,2020
pittsburgh,"GECKO ROBOTICS, INC.",gecko robotics,confirmed_grant,PITTSBURGH,PA,15212-5359,False,True,False,0.0,4.0,4010194.0,0.0,0.0,,,,,CX24D5JYEKM8,017842855,http://www.geckorobotics.com,295,2019,2024
pittsburgh,"GLUCOSE SENSING TECHNOLOGIES, LLC",glucose sensing technologies,confirmed_grant,PITTSBURGH,PA,15235,False,True,False,0.0,2.0,198626.0,0.0,0.0,,,,,,,,,2004,2006
pittsburgh,GMS Technologies,gms technologies,confirmed_grant,Cranberry Township,PA,16066,False,True,False,0.0,0.0,69932.0,0.0,0.0,,,,,,,,,1998,1998
pittsburgh,Gas Desulfurization,gas desulfurization,confirmed_grant,Pittsburgh,PA,15229,False,True,False,0.0,0.0,49998.0,0.0,0.0,,,,,,,,,1986,1986
pittsburgh,"Genus Research Group, LLC",genus research,confirmed_grant,Pittsburgh,PA,15213,False,True,False,0.0,2.0,1955879.73,0.0,0.0,,,,,P2P5FZ47D5W1,,https://www.genusresearch.com,4,2024,2025
pittsburgh,Gnostic Communications,gnostic communications,confirmed_grant,Pittsburgh,PA,15220 0443,False,True,False,0.0,1.0,97431.0,0.0,0.0,,,,,,125991088,,1,2004,2004
pittsburgh,"Grid Fruit, LLC",grid fruit,confirmed_grant,Pittsburgh,PA,15206-3740,False,True,False,0.0,2.0,1299975.24,0.0,0.0,,,,,S495KZF9AND3,117067560,https://www.gridfruit.com/,3,2020,2021
pittsburgh,H Quest Vanguard Inc ,h quest vanguard,confirmed_grant,PITTSBURGH,PA,15238-1333,False,True,False,0.0,6.0,2091473.5,0.0,0.0,,,,,QKNAHJATL1M6,079321088,http://www.h-quest.com,7,2016,2021
pittsburgh,HAMR INDUSTRIES LLC,hamr industries,confirmed_grant,CLINTON,PA,15026-1946,False,True,False,0.0,13.0,5837244.07,0.0,0.0,,,,,ZRNGHLLGKFD6,080380878,https://www.hamrindustries.com,6,2017,2025
pittsburgh,"HEBI ROBOTICS, INC.",hebi robotics,confirmed_grant,PITTSBURGH,PA,15213-1074,False,True,False,0.0,4.0,2036786.74,0.0,0.0,,,,,HMZZU1H8MXR7,079352702,https://www.hebirobotics.com/,15,2022,2025
pittsburgh,HEDIN ENVIRONMENTAL INC,hedin environmental,confirmed_grant,PITTSBURGH,PA,15228-2268,False,True,False,0.0,2.0,752910.0,0.0,0.0,,,,,LWKZLKYFNQY1,883538076,www.hedinenv.com,5,1995,2021
pittsburgh,"HESTON CONSULTING CO., INC.",heston consulting,confirmed_grant,West Mifflin,PA,15122,False,True,False,0.0,2.0,1185590.0,0.0,0.0,,,,,,,,,1997,1999
pittsburgh,HUMAN MOTION TECHNOLOGIES LLC,human motion technologies,confirmed_grant,PITTSBURGH,PA,15238-1332,False,True,False,0.0,1.0,248799.0,0.0,0.0,,,,,K3K7Y78RMX83,079811497,https://www.humotech.com,14,2020,2020
pittsburgh,Hera Global Tech Inc.,hera global tech,confirmed_grant,Pittsburgh,PA,15218-1319,False,True,False,0.0,1.0,255880.0,0.0,0.0,,,,,HDLCD3N3CXH5,081252126,,3,2020,2020
pittsburgh,"Hikari Labs, Inc.",hikari labs,confirmed_grant,Pittsburgh,PA,15213-3715,False,True,False,0.0,1.0,225000.0,0.0,0.0,,,,,C23QENTRZCT4,081183834,,4,2020,2020
pittsburgh,IBACOS INC,ibacos,confirmed_grant,PITTSBURGH,PA,15222-4502,False,True,False,0.0,4.0,4256246.0,0.0,0.0,,,,,R61JV9ABM815,803842038,,26,2021,2024
pittsburgh,"ID4PHARMA, LLC",id4pharma,confirmed_grant,Bridgeville,PA,15017,False,True,True,0.0,2.0,2300000.0,4.0,2306840.0,,,,,YP7FECLGFPU5,079195995,,3,2017,2018
pittsburgh,"IMMUNETRICS, INC.",immunetrics,confirmed_grant,PITTSBURGH,PA,15213,False,True,False,0.0,1.0,100000.0,0.0,0.0,,,,,,,,,2002,2002
pittsburgh,"INDEPENDENT CONCEPTS, INC.",independent concepts,confirmed_grant,BEAVER FALLS,PA,15010,False,True,False,0.0,1.0,96063.0,0.0,0.0,,,,,,,,,2002,2002
pittsburgh,INDUSTRIAL LEARNING SYSTEMS INC,industrial learning systems,confirmed_grant,ALLISON PARK,PA,15101-1568,False,True,False,0.0,2.0,298500.0,0.0,0.0,,,,,,786729561,,4,2009,2012
pittsburgh,"INNOVACEUTICALS, INC.",innovaceuticals,confirmed_grant,PITTSBURGH,PA,15213,False,True,False,0.0,1.0,99999.0,0.0,0.0,,,,,,,,,2002,2002
pittsburgh,"INTERPHASE MATERIALS, INC",interphase materials,confirmed_grant,PITTSBURGH,PA,15223-1719,False,True,False,0.0,9.0,2643022.55,0.0,0.0,,,,,NC92CVFR9ZP9,079997344,www.biointerphase.com,3,2016,2025
pittsburgh,"INTERSCOPE TECHNOLOGIES, INC.",interscope technologies,confirmed_grant,WEXFORD,PA,15090,False,True,False,0.0,1.0,118900.0,0.0,0.0,,,,,,,,,2004,2004
pittsburgh,INTRIGUE TECHNOLOGIES INC.,intrigue technologies,confirmed_grant,PITTSBURGH,PA,15241-2028,False,True,False,0.0,1.0,749996.0,0.0,0.0,,,,,,111424318,http://www.intriguetek.com,2,2007,2007
pittsburgh,"INVIVOMON, INC.",invivomon,confirmed_grant,PITTSBURGH,PA,15218,False,True,False,0.0,2.0,301078.0,0.0,0.0,,,,,,829566830,,2,2010,2010
pittsburgh,"IRIMSENS, LLC",irimsens,confirmed_grant,PITTSBURGH,PA,15289-0001,False,True,False,0.0,2.0,838815.0,0.0,0.0,,,,,GAXHG9LKUB38,362810496,,3,2006,2008
pittsburgh,Ii-vi Inc.,ii vi,confirmed_grant,Saxonburg,PA,16056,False,True,False,0.0,0.0,2518414.0,0.0,0.0,,,,,,,,24,1984,1993
pittsburgh,Incremental Systems Corp,incremental systems,confirmed_grant,Pittsburgh,PA,15213,False,True,False,0.0,0.0,109330.0,0.0,0.0,,,,,,,,17,1985,1988
pittsburgh,Industrynet Corp.on,industrynet on,confirmed_grant,Pittsburgh,PA,15238,False,True,False,0.0,0.0,49723.0,0.0,0.0,,,,,,,,,1996,1996
pittsburgh,"InnoH2O Solutions, LLC",innoh2o solutions,confirmed_grant,Somerset,PA,15501-6947,False,True,False,0.0,2.0,757466.0,0.0,0.0,,,,,ULBAJR1NJR13,080646155,https://www.innoh2osolutions.com,3,2021,2022
pittsburgh,Innovalgae,innovalgae,confirmed_grant,Pittsburgh,PA,15209,False,True,False,0.0,1.0,224835.0,0.0,0.0,,,,,,,,3,2016,2016
pittsburgh,"Innovesca, LLC",innovesca,confirmed_grant,Pittsburgh,PA,15219-5544,False,True,False,0.0,1.0,149987.0,0.0,0.0,,,,,,078680202,www.innovesca.com,3,2013,2013
pittsburgh,Integran Technologies U.S.A. Inc.,integran technologies u s a,confirmed_grant,Pittsburgh,PA,15241,False,True,False,0.0,21.0,3105143.0,0.0,0.0,,,,,,175305841,,0,2006,2012
pittsburgh,"Inteligistics, Inc.",inteligistics,confirmed_grant,Pittsburgh,PA,-,False,True,False,0.0,3.0,1596434.0,0.0,0.0,,,,,,145237454,www.inteligistics.com,5,2005,2010
pittsburgh,Interbots LLC,interbots,confirmed_grant,Pittsburgh,PA,15206-3025,False,True,False,0.0,1.0,146639.0,0.0,0.0,,,,,,965740249,,5,2012,2012
pittsburgh,Intermet Technology,intermet technology,confirmed_grant,Georgetown,PA,15043,False,True,False,0.0,0.0,35774.0,0.0,0.0,,,,,,,,,1991,1991
pittsburgh,International Intelligent Informatics Solution Laboratory LLC,international intelligent informatics solution laboratory,confirmed_grant,SEWICKLEY,PA,15143-8692,False,True,False,0.0,2.0,1140681.0,0.0,0.0,,,,,YB5USAMYWU23,942724142,,6,2015,2018
pittsburgh,Intrigue,intrigue,confirmed_grant,Pittsburgh,PA,15241 0202,False,True,False,0.0,1.0,599959.0,0.0,0.0,,,,,,,,3,2004,2005
pittsburgh,JWMC LLC,jwmc,confirmed_grant,Pittsburgh,PA,15206,False,True,False,0.0,2.0,349404.0,0.0,0.0,,,,,,828916432,,2,2010,2013
pittsburgh,"Journey Robotics, Inc",journey robotics,confirmed_grant,Mars,PA,16046,False,True,False,0.0,1.0,139888.0,0.0,0.0,,,,,DODQHLGVFUGJ,,,8,2025,2025
pittsburgh,"K2T, Inc.",k2t,confirmed_grant,Duquesne,PA,15110,False,True,False,0.0,0.0,1634109.0,0.0,0.0,,,,,,,,14,1993,1997
pittsburgh,KEF ROBOTICS INC,kef robotics,confirmed_grant,Pittsburgh,PA,15206,False,True,False,0.0,9.0,5939077.88,0.0,0.0,,,,,ND14Y6VSGRY1,100502653,https://www.kefrobotics.com/,20,2020,2025
pittsburgh,"Kairon Connect, PBC",kairon connect,confirmed_grant,Wexford,PA,15090,False,True,False,0.0,1.0,100000.0,0.0,0.0,,,,,PVUFR479SNJ5,,kairon.app,1,2025,2025
pittsburgh,Kan Kote Inc,kan kote,confirmed_grant,Parker,PA,16049,False,True,False,0.0,0.0,49720.0,0.0,0.0,,,,,,,,9,1986,1986
pittsburgh,Karamalidis Extraction Technologies,karamalidis extraction technologies,confirmed_grant,Pittsburgh,PA,15217-1210,False,True,False,0.0,1.0,150000.0,0.0,0.0,,,,,,079665804,,1,2015,2015
pittsburgh,"Kit Solutions, Inc.",kit solutions,confirmed_grant,PITTSBURGH,PA,15237-,False,True,False,0.0,4.0,2424878.0,0.0,0.0,,,,,,,,,2002,2012
pittsburgh,Kurt J. Lesker Company,kurt j lesker,confirmed_grant,Clairton,PA,15025 2734,False,True,False,0.0,3.0,945395.0,0.0,0.0,,,,,E2JQUCNKLE93,014979595,,300,1993,2009
pittsburgh,"LANCORP ADVANCED SYSTEMS, INC.",lancorp advanced systems,confirmed_grant,Oakdale,PA,15071,False,True,False,0.0,8.0,2195708.0,0.0,0.0,,,,,,094084790,,5,1999,2004
pittsburgh,LATTUS INC,lattus,confirmed_grant,BUTLER,PA,16002-0649,False,True,False,0.0,2.0,1160124.0,0.0,0.0,,,,,W3NWQLLTBYZ4,116999313,https://www.Lattus.com,1,2023,2024
pittsburgh,LEAFICIENT INC,leaficient,confirmed_grant,EVANS CITY,PA,16033,False,True,False,0.0,1.0,274525.0,0.0,0.0,,,,,HGF4SFELUFJ7,118748252,,3,2023,2023
pittsburgh,LEGION LABS LLC ,legion labs,confirmed_grant,Pittsburgh,PA,15217-1326,False,True,False,0.0,1.0,150000.0,0.0,0.0,,,,,,079267131,,2,2015,2015
pittsburgh,LIFEWARE LABS LLC,lifeware labs,confirmed_grant,PITTSBURGH,PA,15208-2598,False,True,False,0.0,6.0,6358833.7,0.0,0.0,,,,,QBT2ZA8C95C8,081045067,https://www.lifewarelabs.com,7,2017,2024
pittsburgh,"LIG SCIENCES , INC",lig sciences,confirmed_grant,EXPORT,PA,15632-8905,False,True,False,0.0,10.0,3750640.0,0.0,0.0,,,,,YDZ8J5QZLYQ3,611743290,www.ligsciences.com,4,2006,2014
pittsburgh,LINC Design LLC,linc design,confirmed_grant,Verona,PA,15147-,False,True,False,0.0,1.0,74950.0,0.0,0.0,,,,,,042499851,,,2012,2012
pittsburgh,LIQUID ION SOLUTIONS LLC,liquid ion solutions,confirmed_grant,PITTSBURGH,PA,15205-1422,False,True,False,0.0,4.0,854700.52,0.0,0.0,,,,,F9LGJ8QLFBF7,079604972,www.liq-ion.com,4,2021,2025
pittsburgh,LIQUID X PRINTED METALS INC,liquid x printed metals,confirmed_grant,PITTSBURGH,PA,15275-1002,False,True,False,0.0,2.0,274821.0,0.0,0.0,,,,,KTYLMRF7PPY4,068500899,http://www.liquid-x.com,6,2015,2019
pittsburgh,LOVELACE AI INC.,lovelace ai,confirmed_grant,PITTSBURGH,PA,15217-1013,False,True,False,0.0,1.0,74993.0,0.0,0.0,,,,,KL3TSC8FHCF9,,https://www.lovelace-ai.com/,20,2025,2025
pittsburgh,"LUCA AI, LLC",luca ai,confirmed_grant,Gibsonia,PA,15044,False,True,False,0.0,1.0,304935.0,0.0,0.0,,,,,M12ZMJTVCBL5,,https://LUCA.ai,2,2025,2025
pittsburgh,"Laurel Software, Inc.",laurel software,confirmed_grant,Acme,PA,15610,False,True,False,0.0,1.0,49574.0,0.0,0.0,,,,,,,,,1995,1995
pittsburgh,"LeanFM Technologies, Inc.",leanfm technologies,confirmed_grant,Pittsburgh,PA,15212,False,True,False,0.0,2.0,890277.0,0.0,0.0,,,,,Z7PTJ1A8U7P8,079867374,http://www.leanfmtech.com,6,2016,2017
pittsburgh,Ley & Co Inc.,ley,confirmed_grant,Wexford,PA,15090,False,True,False,0.0,0.0,50000.0,0.0,0.0,,,,,,,,,1993,1993
pittsburgh,Lightside Labs LLC,lightside labs,confirmed_grant,Pittsburgh,PA,15232-,False,True,False,0.0,1.0,150000.0,0.0,0.0,,,,,GKZAA4FCY6F1,079200266,,,2014,2014
pittsburgh,"Long Electromagnetics, Inc.",long electromagnetics,confirmed_grant,Pittsburgh,PA,15219,False,True,False,0.0,6.0,2408205.0,0.0,0.0,,,,,,003124943,,22,2001,2005
pittsburgh,LumiShield Technologies Incorporated,lumishield technologies,confirmed_grant,Pittsburgh,PA,15205-1422,False,True,False,0.0,5.0,1140719.0,0.0,0.0,,,,,ZKELDAL9BPB1,079525289,www.lumishieldtech.com,4,2016,2022
pittsburgh,MAGNIFY BIOSCIENCES INC.,magnify biosciences,confirmed_grant,SEWICKLEY,PA,15143-8557,False,True,True,0.0,2.0,1183119.0,2.0,908121.0,,,,,UYGVDZDSW9Q3,,https://magnifybiosci.com/,0,2024,2024
pittsburgh,MAPLESS AI INC,mapless ai,confirmed_grant,PITTSBURGH,PA,15237-4033,False,True,False,0.0,2.0,1225000.0,0.0,0.0,,,,,M78GMKDJYT29,117481972,https://mapless.ai/,7,2020,2023
pittsburgh,MARINUS ANALYTICS LLC,marinus analytics,confirmed_grant,PITTSBURGH,PA,15213-3715,False,True,False,0.0,2.0,899833.0,0.0,0.0,,,,,YGMKJ674F9N3,079410657,,4,2016,2017
pittsburgh,MAYA DESIGN,maya design,confirmed_grant,Pittsburgh,PA,15222-1220,False,True,False,0.0,5.0,2642337.0,0.0,0.0,,,,,,782501597,http://www.maya.com,59,1992,2004
pittsburgh,MEDIA AND PROCESS TECHNOLOGY INC,media and process technology,confirmed_grant,PITTSBURGH,PA,15238-1368,False,True,False,0.0,35.0,14840831.0,0.0,0.0,,,,,LGMJYLCKDC78,802071662,,12,1995,2024
pittsburgh,"METAL POWDER WORKS, LLC",metal powder works,confirmed_grant,CLINTON,PA,15026-1946,False,True,False,0.0,1.0,139792.0,0.0,0.0,,,,,WLK5HSX663F9,117103992,https://www.metalpowderworks.com,5,2021,2021
pittsburgh,"MINDTRACE TECHNOLOGIES, INC.",mindtrace technologies,confirmed_grant,PITTSBURGH,PA,15222-3110,False,True,True,0.0,3.0,3480077.0,3.0,2023086.0,,,,,JJLSF85CJKS5,117524383,,3,2022,2025
pittsburgh,"MODELLION SYSTEMS, INC.",modellion systems,confirmed_grant,Monroeville,PA,15146,False,True,False,0.0,5.0,1118939.0,0.0,0.0,,,,,,135269731,,3,2004,2006
pittsburgh,"MS2 Array, LLC",ms2 array,confirmed_grant,PIttsburgh,PA,15203-1721,False,True,True,0.0,1.0,221811.0,1.0,221811.0,,,,,VTKLPMY94N45,079379617,www.ms2array.com,1,2017,2017
pittsburgh,MSA PROCESS AUTOMATION,msa process automation,confirmed_grant,PITTSBURGH,PA,15206,False,True,False,0.0,0.0,99731.0,0.0,0.0,,,,,,,,,1999,1999
pittsburgh,Magnascreen Corp.,magnascreen,confirmed_grant,Pittsburgh,PA,15238,False,True,False,0.0,0.0,49950.0,0.0,0.0,,,,,,,,,1993,1993
pittsburgh,Management Science,management science,confirmed_grant,Pittsburgh,PA,15206,False,True,False,0.0,0.0,192860.0,0.0,0.0,,,,,,,,,1996,1996
pittsburgh,Marshall Elevator,marshall elevator,confirmed_grant,Pittsburgh,PA,15203,False,True,False,0.0,1.0,574729.0,0.0,0.0,,,,,,,,,2004,2005
pittsburgh,Maya Viz,maya viz,confirmed_grant,Pittsburgh,PA,15203,False,True,False,0.0,1.0,500000.0,0.0,0.0,,,,,MCQFBVMKGDJ8,073406857,,30,2003,2003
pittsburgh,"Medical Systems Associates,",medical systems associates,confirmed_grant,Pittsburgh,PA,15213,False,True,False,0.0,1.0,87502.0,0.0,0.0,,,,,,,,,1997,1997
pittsburgh,Mercury L.p.e. Co Inc.,mercury l p e,confirmed_grant,Pittsburgh,PA,15238,False,True,False,0.0,0.0,573850.0,0.0,0.0,,,,,,,,2,1986,1989
pittsburgh,"Mesh Robotics, LLC",mesh robotics,confirmed_grant,Pittsburgh,PA,15228-1050,False,True,False,0.0,5.0,1249488.0,0.0,0.0,,,,,MTG5VFEKNUP2,078669831,,2,2013,2018
pittsburgh,Metals Development Group Inc.,metals development,confirmed_grant,Pittsburgh,PA,15238,False,True,False,0.0,0.0,40000.0,0.0,0.0,,,,,,,,,1987,1987
pittsburgh,Metamorphic Surgical Devices,metamorphic surgical devices,confirmed_grant,Pittsburgh,PA,15238,False,True,False,0.0,0.0,849957.0,0.0,0.0,,,,,,,,,1996,1998
pittsburgh,Microbac Insulating Materials,microbac insulating materials,confirmed_grant,Ingomar,PA,15127,False,True,False,0.0,0.0,39320.0,0.0,0.0,,,,,,,,10,1987,1987
pittsburgh,"Micromed Systems, Inc.",micromed systems,confirmed_grant,Pittsburgh,PA,15206,False,True,False,0.0,0.0,347177.0,0.0,0.0,,,,,,,,,1989,1994
pittsburgh,Microsignal Corp.,microsignal,confirmed_grant,Butler,PA,16001,False,True,False,0.0,1.0,45762.0,0.0,0.0,,,,,,,,,1994,1994
pittsburgh,"Microtronics Assoc., Inc.",microtronics assoc,confirmed_grant,Pittsburgh,PA,15213,False,True,False,0.0,0.0,3363843.0,0.0,0.0,,,,,,,,9,1984,1992
pittsburgh,Mineral Separation Technologies Inc.,mineral separation technologies,confirmed_grant,Washington,PA,15301-6833,False,True,False,0.0,1.0,150000.0,0.0,0.0,,,,,HKN8PV9L9TH9,037646843,www.mineralseparationtechnologies.com,5,2018,2018
pittsburgh,Mobile Aspects Inc.,mobile aspects,confirmed_grant,Pittsburgh,PA,15222,False,True,False,0.0,2.0,201910.0,0.0,0.0,,,,,,,,6,2003,2003
pittsburgh,"Monitor Instruments Company, LLC",monitor instruments,confirmed_grant,Cheswick,PA,15024 0210,False,True,False,0.0,2.0,670000.0,0.0,0.0,,,,,,120182519,,9,2003,2004
pittsburgh,"Mosaix Software, Inc. ",mosaix software,confirmed_grant,Pittsburgh,PA,15238-2927,False,True,True,0.0,4.0,2233644.0,6.0,1750488.0,,,,,DKLMFLKPAB48,079478543,www.mosaixsoftware.com,23,2015,2019
pittsburgh,Mrm Engineers,mrm engineers,confirmed_grant,Pittsburgh,PA,15234,False,True,False,0.0,0.0,249500.0,0.0,0.0,,,,,,,,7,1985,1988
pittsburgh,Mycorr Tech Inc.,mycorr tech,confirmed_grant,Pittsburgh,PA,15238,False,True,False,0.0,0.0,290000.0,0.0,0.0,,,,,,,,,1989,1994
pittsburgh,NANOGRIPTECH,nanogriptech,confirmed_grant,PITTSBURGH,PA,15201-3109,False,True,False,0.0,11.0,4503644.35,0.0,0.0,,,,,MK6JRU43J294,829301378,https://www.nanogriptech.com,14,2009,2018
pittsburgh,"NEAR EARTH AUTONOMY, INC",near earth autonomy,confirmed_grant,PITTSBURGH,PA,15208-2517,False,True,False,0.0,39.0,29885529.65,0.0,0.0,,,,,MUJGFTMRJZJ8,078391304,http://www.nearearth.aero,84,2013,2025
pittsburgh,"NEO GEN SCREENING, INC.",neo gen screening,confirmed_grant,BRIDGEVILLE,PA,15017,False,True,False,0.0,3.0,3857081.0,0.0,0.0,,,,,,,,,1996,2002
pittsburgh,"NEOOLIFE, INC.",neoolife,confirmed_grant,PITTSBURGH,PA,15222-7603,False,True,True,0.0,1.0,553838.0,2.0,1107676.0,,,,,CPLLB64FCFA3,117866639,,2,2023,2023
pittsburgh,NIOUS TECHNOLOGIES INC,nious technologies,confirmed_grant,PITTSBURGH,PA,15238-1329,False,True,False,0.0,3.0,418604.0,0.0,0.0,,,,,UHULG21XMFC4,078601521,www.nioustech.com,1,2022,2024
pittsburgh,NOKOMIS INC,nokomis,confirmed_grant,CHARLEROI,PA,15022-1517,False,True,True,0.0,120.0,67857682.42,2.0,1140508.0,,,,,YAPUZLNJ1856,187594788,https://www.nokomisinc.com,44,2005,2025
pittsburgh,NOMOS CORPORATION,nomos,confirmed_grant,CRANBERRY TOWNSHIP,PA,16066,False,True,False,0.0,1.0,200000.0,0.0,0.0,,,,,,,,,2004,2004
pittsburgh,"NURELM, INC.",nurelm,confirmed_grant,PITTSBURGH,PA,15206-3968,False,True,False,0.0,6.0,5149789.0,0.0,0.0,,,,,PVYMNFMFXWL3,026754866,https://www.nurelm.com,16,2017,2024
pittsburgh,Naima Health LLC,naima health,confirmed_grant,Pittsburgh,PA,15206-2221,False,True,True,0.0,2.0,1220747.0,2.0,722795.0,,,,,NTJHVHU3L8L7,081081430,,2,2018,2020
pittsburgh,"NanoLambda, Inc.",nanolambda,confirmed_grant,Pittsburgh,PA,15238-1331,False,True,False,0.0,3.0,750000.0,0.0,0.0,,,,,,623601874,,4,2007,2011
pittsburgh,Neomag Inc,neomag,confirmed_grant,New Castle,PA,16101,False,True,False,0.0,0.0,47000.0,0.0,0.0,,,,,,,,,1988,1988
pittsburgh,"Neuronasal, LLC",neuronasal,confirmed_grant,Wexford,PA,15090-7960,False,True,True,0.0,1.0,478165.0,1.0,478165.0,,,,,R15HEJEEELK8,081273198,https://www.neuronasal.com,4,2024,2024
pittsburgh,"Neya Systems, LLC",neya systems,confirmed_grant,Wexford,PA,15090-,False,True,False,0.0,21.0,9385992.74,0.0,0.0,,,,,UPCAVJK49B56,831883868,www.neyasystems.com,13,2010,2017
pittsburgh,"Neya Systems, LLC (formerly Rhobotika, LLC)",neya systems formerly rhobotika,confirmed_grant,Wexford,PA,15090-8319,False,True,False,0.0,2.0,832171.73,0.0,0.0,,,,,,965516292,,3,2011,2012
pittsburgh,Noxso Corp,noxso,confirmed_grant,Bethel Park,PA,15102,False,True,False,0.0,0.0,98432.0,0.0,0.0,,,,,,,,22,1996,1996
pittsburgh,NuMoola ,numoola,confirmed_grant,Pittsburgh,PA,15222,False,True,False,0.0,1.0,256000.0,0.0,0.0,,,,,HX87B3JAGYZ3,081024589,,10,2022,2022
pittsburgh,O'donnell Consulting Engineers,o donnell consulting engineers,confirmed_grant,Bethel Park,PA,15102,False,True,False,0.0,1.0,414531.0,0.0,0.0,,,,,VH1PXHNANJM3,,,,1984,2010
pittsburgh,OBEEWAN TECHNOLOGIES INC,obeewan technologies,confirmed_grant,GLENSHAW,PA,,False,True,False,0.0,1.0,305000.0,0.0,0.0,,,,,TYAPUUJGGMF8,,,0,2025,2025
pittsburgh,"OMNIBUS MEDICAL DEVICES, LLC",omnibus medical devices,confirmed_grant,PITTSBURGH,PA,15234-1024,False,True,True,0.0,1.0,259611.0,1.0,259611.0,,,,,EHAGYBDBBEN7,117718174,,0,2023,2023
pittsburgh,OPTIMIZED MARKETS INC.,optimized markets,confirmed_grant,PITTSBURGH,PA,15232-2129,False,True,False,0.0,1.0,150000.0,0.0,0.0,,,,,U1NESTTEHC37,078834507,,3,2014,2014
pittsburgh,Oblivious Labs Inc.,oblivious labs,confirmed_grant,PITTSBURGH,PA,15208-2831,False,True,False,0.0,1.0,274988.0,0.0,0.0,,,,,HQ4VPTRSEKG8,,https://obliviouslabs.com,4,2024,2024
pittsburgh,"Oglevee, Ltd.",oglevee,confirmed_grant,Connellsville,PA,15425,False,True,False,0.0,0.0,515000.0,0.0,0.0,,,,,,,,,1983,1997
pittsburgh,Om Tech Inc,om tech,confirmed_grant,Brackenridge,PA,15014,False,True,False,0.0,0.0,49718.0,0.0,0.0,,,,,,,,18,1987,1987
pittsburgh,Omniview Inc.,omniview,confirmed_grant,Pittsburgh,PA,15076,False,True,False,0.0,0.0,661110.0,0.0,0.0,,,,,,,,,1991,1993
pittsburgh,PANTHER LEARNING SYSTEMS INC.,panther learning systems,confirmed_grant,PITTSBURGH,PA,15233-2248,False,True,False,0.0,1.0,200000.0,0.0,0.0,,,,,EYGLYT2YMZE8,041774221,http://www.peerceptiv.com,9,2021,2021
pittsburgh,PDF SOLUTIONS,pdf solutions,confirmed_grant,Pittsburgh,PA,15213,False,True,False,0.0,0.0,1309773.0,0.0,0.0,,,,,,,,6,1991,1998
pittsburgh,"PHFR, INC.",phfr,confirmed_grant,PITTSBURGH,PA,-,False,True,False,0.0,4.0,1476507.0,0.0,0.0,,,,,,602425949,,,2006,2010
pittsburgh,"PHLUX TECHNOLOGIES, INC",phlux technologies,confirmed_grant,PITTSBURGH,PA,15221-3909,False,True,False,0.0,3.0,1395766.0,0.0,0.0,,,,,C91LVZJEU1K8,117870908,https://www.phlux.io,2,2022,2025
pittsburgh,"PHT, Inc.",pht,confirmed_grant,Pittsburgh,PA,15235,False,True,False,0.0,0.0,832574.0,0.0,0.0,,,,,,014145523,www.pht-inc.com,3,1995,1996
pittsburgh,PITTMOSS LLC,pittmoss,confirmed_grant,AMBRIDGE,PA,15003-1426,False,True,False,0.0,1.0,147605.0,0.0,0.0,,,,,GFK2JMAKUWR2,076614781,,12,2022,2022
pittsburgh,POINT80 LLC,point80,confirmed_grant,MARS,PA,16046-3540,False,True,False,0.0,1.0,74864.0,0.0,0.0,,,,,ELZKLRK7XA84,117395478,https://builddie.com/,10,2024,2024
pittsburgh,"POWER 3D, INC",power 3d,confirmed_grant,PITTSBURGH,PA,15213-3715,False,True,False,0.0,1.0,303107.0,0.0,0.0,,,,,EPJWJXLBEJF9,,,2,2025,2025
pittsburgh,POWER SUPERCONDUCTOR APPLICATIONS CORP.,power superconductor applications,confirmed_grant,New Castle,PA,16101,False,True,False,0.0,3.0,1839271.0,0.0,0.0,,,,,,807936737,,7,1992,2007
pittsburgh,PRAYOG LABS LLC,prayog labs,confirmed_grant,PITTSBURGH,PA,15238-2920,False,True,False,0.0,1.0,2300000.0,0.0,0.0,,,,,SY2MPV7N15C8,079453563,,2,2018,2022
pittsburgh,PROFESSIONAL ANALYTICAL AND CONSULTING SERVICES INC,professional analytical and consulting services,confirmed_grant,CORAOPOLIS,PA,15108-9616,False,True,False,0.0,6.0,1443217.0,0.0,0.0,,,,,MMK4QJ1WKKA9,859131633,,7,1990,2016
pittsburgh,"PROLUME, LTD",prolume,confirmed_grant,PITTSBURGH,PA,16238,False,True,False,0.0,0.0,298282.0,0.0,0.0,,,,,,,,,1999,1999
pittsburgh,"PROTOINNOVATIONS, LLC",protoinnovations,confirmed_grant,PITTSBURGH,PA,15201-3114,False,True,False,0.0,28.0,18727641.0,0.0,0.0,,,,,GER9RWM82EL1,621287403,https://protoinnovations.com/,12,2007,2025
pittsburgh,Pahdalai Coatings Co.,pahdalai coatings,confirmed_grant,Brackenridge,PA,15014,False,True,False,0.0,0.0,49901.0,0.0,0.0,,,,,,,,,1985,1985
pittsburgh,Parsifal Systems Inc.,parsifal systems,confirmed_grant,Pittsburgh,PA,15213,False,True,False,0.0,1.0,74956.0,0.0,0.0,,,,,,,,,1996,1996
pittsburgh,"Pathway Accessibility Solutions, Inc.",pathway accessibility solutions,confirmed_grant,Pittsburgh,PA,15219-5152,False,True,False,0.0,1.0,100000.0,0.0,0.0,,,,,E72QR33J32A8,079509842,https://www.pathvu.com,2,2017,2017
pittsburgh,"Pearl Street Technologies, LLC",pearl street technologies,confirmed_grant,Pittsburgh,PA,15206-4703,False,True,False,0.0,4.0,2224202.0,0.0,0.0,,,,,H4J6DBHJDTP8,117980678,,2,2018,2021
pittsburgh,Pentek Inc.,pentek,confirmed_grant,Coraopolis,PA,15108,False,True,False,0.0,0.0,50000.0,0.0,0.0,,,,,,,,,1986,1986
pittsburgh,"Percipience Group, Inc.",percipience,confirmed_grant,Pittsburgh,PA,15218-1032,False,True,False,0.0,1.0,150000.0,0.0,0.0,,,,,,948339015,,4,2010,2010
pittsburgh,"Performance Signal Integrity,",performance signal integrity,confirmed_grant,Pittsburgh,PA,15213,False,True,False,0.0,0.0,47186.0,0.0,0.0,,,,,,,,5,1992,1992
pittsburgh,Persistent Data Systems In,persistent data systems in,confirmed_grant,Pittsburgh,PA,15238,False,True,False,0.0,1.0,65000.0,0.0,0.0,,,,,,,,,1995,1995
pittsburgh,"PinMed, Inc.",pinmed,confirmed_grant,PITTSBURGH,PA,15213-2625,False,True,True,0.0,11.0,4421953.16,4.0,1562736.0,,,,,DLRNMH33N954,142197909,https://pinmed.net/,2,2004,2023
pittsburgh,"Pittsburgh Biotechnology, Inc.",pittsburgh biotechnology,confirmed_grant,Pittsburgh,PA,15232,False,True,False,0.0,0.0,69797.0,0.0,0.0,,,,,,,,,1996,1996
pittsburgh,Pittsburgh Technical LLC,pittsburgh technical,confirmed_grant,Pittsburgh,PA,,False,True,False,0.0,1.0,199913.0,0.0,0.0,,,,,HKFKAZGEMGR4,079780965,,3,2024,2024
pittsburgh,"Platform Digital, LLC",platform digital,confirmed_grant,Pittsburgh,PA,15213,False,True,False,0.0,1.0,669993.0,0.0,0.0,,,,,,,,5,2001,2002
pittsburgh,"Plexision, Inc.",plexision,confirmed_grant,PITTSBURGH,PA,15224-1338,False,True,False,0.0,1.0,218396.0,0.0,0.0,,,,,UJ5MXTLVFMB5,016609503,https://www.plexision.com,5,2020,2020
pittsburgh,Plextronics,plextronics,confirmed_grant,Pittsburgh,PA,15238-1357,False,True,False,0.0,3.0,521709.0,0.0,0.0,,,,,,126673800,,67,2010,2013
pittsburgh,"PolyTronics, Inc.",polytronics,confirmed_grant,Pittsburgh,PA,15213-0268,False,True,False,0.0,1.0,99585.0,0.0,0.0,,,,,,,,4,2003,2003
pittsburgh,Power Systems Consultants Inc.,power systems consultants,confirmed_grant,Pittsburgh,PA,15217,False,True,False,0.0,1.0,50000.0,0.0,0.0,,,,,,,,,1995,1995
pittsburgh,"Praesidium Technologies, Inc.",praesidium technologies,confirmed_grant,Pittsburgh,PA,15225,False,True,False,0.0,1.0,99587.0,0.0,0.0,,,,,,,,3,2003,2003
pittsburgh,"Preamble, Inc.",preamble,confirmed_grant,PITTSBURGH,PA,15222-3716,False,True,False,0.0,1.0,74015.0,0.0,0.0,,,,,H3DVHN38FMF3,118062734,https://preamble.com,9,2024,2024
pittsburgh,"Precision Neuroscopics, Inc",precision neuroscopics,confirmed_grant,Pittsburgh,PA,15213-3715,False,True,True,0.0,3.0,1481447.0,2.0,256448.0,,,,,D859JD6B6TS6,117907562,http://www.precisionneuroscopics.com,2,2019,2022
pittsburgh,Processtech Inc,processtech,confirmed_grant,Pittsburgh,PA,15204,False,True,False,0.0,0.0,50000.0,0.0,0.0,,,,,,,,,1992,1992
pittsburgh,Propulsor Technology Incorporated,propulsor technology,confirmed_grant,BRIDGEVILLE,PA,15017-3472,False,True,False,0.0,2.0,1927134.0,0.0,0.0,,,,,HS7KX3M719T9,938310620,,17,2021,2023
pittsburgh,Provac Inc,provac,confirmed_grant,Pittsburgh,PA,15238,False,True,False,0.0,0.0,50000.0,0.0,0.0,,,,,,,,,1990,1990
pittsburgh,"Pulsemetrics, LLC",pulsemetrics,confirmed_grant,Allison Park,PA,15101,False,True,False,0.0,1.0,69988.0,0.0,0.0,,,,,,128819740,,6,2003,2003
pittsburgh,Q-CHEM INC,q chem,confirmed_grant,MC KEES ROCKS,PA,15136-2957,False,True,False,0.0,37.0,20168274.0,0.0,0.0,,,,,MXPESVR9KFE7,837635556,https://www.q-chem.com,8,1993,2023
pittsburgh,"QED IMAGING, INC.",qed imaging,confirmed_grant,Pittsburgh,PA,15238,False,True,False,0.0,0.0,99801.0,0.0,0.0,,,,,,,,,1998,1998
pittsburgh,QUANTITATIVE IMAGING SYSTEMS LLC,quantitative imaging systems,confirmed_grant,PITTSBURGH,PA,15238-1422,False,True,True,0.0,5.0,4038044.0,7.0,4038044.0,,,,,K5ELZZPK73V9,078362963,,2,2017,2022
pittsburgh,"Qrono, Inc.",qrono,confirmed_grant,Pittsburgh,PA,15213-3530,False,True,True,0.0,10.0,5289085.0,5.0,3304672.0,,,,,S8NSYCMSNF79,055292329,http://www.qrono.com,2,2013,2024
pittsburgh,"Quantum Simulations, Inc.",quantum simulations,confirmed_grant,Murrysville,PA,15668-9536,False,True,False,0.0,18.0,6728165.0,0.0,0.0,,,,,C1F5MFLB6KN6,157033957,http://www.quantumsimulations.com/,,2000,2012
pittsburgh,RAPID FLOW TECHNOLOGIES,rapid flow technologies,confirmed_grant,CHESWICK,PA,15024-4300,False,True,False,0.0,2.0,1149824.0,0.0,0.0,,,,,VXPJTRS84KC5,792306966,http://www.rapidflowtech.com,7,2015,2017
pittsburgh,RAPID TPC LLC,rapid tpc,confirmed_grant,PITTSBURGH,PA,15208-2438,False,True,False,0.0,1.0,74978.0,0.0,0.0,,,,,d2q7jkq9hfu7,079456277,,4,2023,2023
pittsburgh,"RC ELITE SYSTEMS, LLC",rc elite systems,confirmed_grant,GEORGETOWN,PA,15043-9509,False,True,False,0.0,1.0,139997.0,0.0,0.0,,,,,JQ5XGHU3M2S1,,https://www.rc-elite.com,2,2024,2024
pittsburgh,"RE2, INC.",re2,confirmed_grant,Pittsburgh,PA,15201-2722,False,True,False,0.0,35.0,22580765.35,0.0,0.0,,,,,JPPQX2EJ3NM1,091125695,http://www.resquared.com,80,2005,2021
pittsburgh,REDPATH GENETICS,redpath genetics,confirmed_grant,Pittsburgh,PA,15215,False,True,False,0.0,1.0,69320.0,0.0,0.0,,,,,,,,2,2003,2003
pittsburgh,"REDPATH INTEGRATED PATHOLOGY, INC.",redpath integrated pathology,confirmed_grant,PITTSBURGH,PA,15212-0491,False,True,False,0.0,1.0,99949.0,0.0,0.0,,,,,,,,,2006,2006
pittsburgh,RESILIENT COGNITIVE SOLUTIONS LLC,resilient cognitive solutions,confirmed_grant,PITTSBURGH,PA,15203-2242,False,True,False,0.0,4.0,1750968.9700000002,0.0,0.0,,,,,D59WXFJPFRX3,793184990,www.ResilientCognitiveSolutions.com,22,2010,2020
pittsburgh,RJ LEE GROUP INC,rj lee,confirmed_grant,MONROEVILLE,PA,15146-1516,False,True,False,0.0,25.0,15465389.51,0.0,0.0,,,,,H1DFZK529K81,052545431,http://www.rjlg.com,179,1987,2024
pittsburgh,Radarlock LLC,radarlock,confirmed_grant,Pittsburgh,PA,15238-3122,False,True,False,0.0,1.0,50000.0,0.0,0.0,,,,,CZGPV8URZMM3,,http://www.radarlocklabs.com,1,2019,2019
pittsburgh,Redzone Robotics Inc,redzone robotics,confirmed_grant,Pittsburgh,PA,00000,False,True,False,0.0,1.0,2341439.0,0.0,0.0,,,,,,,,,1988,1997
pittsburgh,"Rehab Dimensions, Inc.",rehab dimensions,confirmed_grant,Pittsburgh,PA,15239,False,True,False,0.0,0.0,40000.0,0.0,0.0,,,,,,,,,1995,1995
pittsburgh,"Renerge, Inc.",renerge,confirmed_grant,Pittsburgh,PA,15237-4013,False,True,False,0.0,3.0,932259.0,0.0,0.0,,,,,,969160329,,2,2012,2014
pittsburgh,Resource Recycling &,resource recycling,confirmed_grant,Pittsburgh,PA,15212,False,True,False,0.0,0.0,49993.0,0.0,0.0,,,,,,,,,1993,1993
pittsburgh,Rizzo P C Associates Inc.,rizzo p c associates,confirmed_grant,Pittsburgh,PA,15235,False,True,False,0.0,0.0,546621.0,0.0,0.0,,,,,,,,8,1985,1986
pittsburgh,"Roadbotics, Inc.",roadbotics,confirmed_grant,Pittsburgh,PA,15212,False,True,False,0.0,1.0,49677.0,0.0,0.0,,,,,JQ3RCC8CT4S6,,https://www.roadbotics.com/,4,2020,2020
pittsburgh,RobotWits LLC ,robotwits,confirmed_grant,Pittsburgh,PA,15217-2558,False,True,False,0.0,2.0,315621.0,0.0,0.0,,,,,EXETT9EKCF76,079139167,https://www.robotwits.com,9,2014,2021
pittsburgh,Rolltrusion Inc.,rolltrusion,confirmed_grant,Latrobe,PA,15650,False,True,False,0.0,0.0,68394.0,0.0,0.0,,,,,,,,,1993,1993
pittsburgh,Rubitection Inc,rubitection,confirmed_grant,Pittsburgh,PA,15218-2015,False,True,True,0.0,2.0,371415.0,1.0,221415.0,,,,,EEF1D2RG9HG3,031848818,www.rubitection.com,1,2013,2016
pittsburgh,"SAKINAH SALON, LLC",sakinah salon,confirmed_grant,PITTSBURGH,PA,15208-1533,False,True,False,0.0,1.0,125000.0,0.0,0.0,,,,,JY3PQ6KMH8R4,079328098,,2,2021,2021
pittsburgh,"SALIX LIGNOPOLYMERS, LLC",salix lignopolymers,confirmed_grant,Pittsburgh,PA,15217-0000,False,True,False,0.0,1.0,100000.0,0.0,0.0,,,,,,079503153,,2,2015,2015
pittsburgh,SCIENCEPLUSPLEASE LLC,scienceplusplease,confirmed_grant,PITTSBURGH,PA,15207-1508,False,True,True,0.0,1.0,742826.0,4.0,792826.0,,,,,LEAQKSEPJKY7,079149406,,2,2016,2016
pittsburgh,SDGroup,sdgroup,confirmed_grant,Waynesburg,PA,15370-0346,False,True,False,0.0,2.0,600000.0,0.0,0.0,,,,,,,,7,2006,2006
pittsburgh,"SENSIBLE PHOTONICS, INC.",sensible photonics,confirmed_grant,ALLISON PARK,PA,15101-3177,False,True,False,0.0,3.0,600000.0,0.0,0.0,,,,,KS9HW9XMJPE7,,https://www.sensiblephotonics.com,4,2024,2024
pittsburgh,"SENTEK GROUP, INC.",sentek,confirmed_grant,PITTSBURGH,PA,15217,False,True,False,0.0,0.0,100116.0,0.0,0.0,,,,,,,,,2001,2001
pittsburgh,"SEPARATION DESIGN GROUP, LLC",separation design,confirmed_grant,WAYNESBURG,PA,15370-3470,False,True,False,0.0,3.0,823820.0,0.0,0.0,,,,,,131098456,,,2004,2007
pittsburgh,"SEQUEL GENETICS, INC.",sequel genetics,confirmed_grant,PITTSBURGH,PA,15213,False,True,False,0.0,0.0,98960.0,0.0,0.0,,,,,,,,,2000,2000
pittsburgh,SHARP EDGE LABS INC,sharp edge labs,confirmed_grant,PITTSBURGH,PA,15203-2167,False,True,False,0.0,1.0,155777.0,0.0,0.0,,,,,GYKLBMNDGDM6,969923361,,0,2012,2012
pittsburgh,SHZOOM TECHNOLOGIES INC,shzoom technologies,confirmed_grant,PITTSBURGH,PA,15206-4051,False,True,False,0.0,1.0,74860.0,0.0,0.0,,,,,SP3TTDH6MN19,117185427,https://shzoom.com/fleet-accident-solutions/,5,2024,2024
pittsburgh,"SIMMTEC, INC.",simmtec,confirmed_grant,Allison Park,PA,15101,False,True,False,0.0,2.0,3126747.0,0.0,0.0,,,,,,111370032,,8,2002,2004
pittsburgh,SKEYES UNLIMITED CORP.,skeyes unlimited,confirmed_grant,Washington,PA,15301,False,True,False,0.0,4.0,1013527.0,0.0,0.0,,,,,D86ANCSS6FG4,133130752,,3,2007,2010
pittsburgh,"SPECTRAGENETICS, INC.",spectragenetics,confirmed_grant,PITTSBURGH,PA,15203-2194,False,True,True,0.0,8.0,6472895.0,10.0,4327904.0,,,,,GJ8VN5D6JHY9,129781667,WWW.SPECTRAGENETICS.COM,6,2003,2022
pittsburgh,"SPIRALGEN, INC.",spiralgen,confirmed_grant,BRIDGEVILLE,PA,15017-3061,False,True,False,0.0,3.0,370000.0,0.0,0.0,,,,,GAANPTT9ZBQ6,830728668,https://www.spiralgen.com,2,2009,2015
pittsburgh,"STAGEMARK, INC.",stagemark,confirmed_grant,PITTSBURGH,PA,15203,False,True,False,0.0,1.0,143725.0,0.0,0.0,,,,,,,,,2006,2006
pittsburgh,STRATEGY ROBOT INC,strategy robot,confirmed_grant,PITTSBURGH,PA,15232-2129,False,True,False,0.0,4.0,21036756.88,0.0,0.0,,,,,GVCHSZ7Z1UM3,081139496,strategyrobot.ai,8,2019,2025
pittsburgh,STS D'APPOLONIA LTD,sts d appolonia,confirmed_grant,MONROEVILLE,PA,15146,False,True,False,0.0,1.0,28359.0,0.0,0.0,,,,,,,,,1985,1985
pittsburgh,"Safaba Translation Solutions, Inc.",safaba translation solutions,confirmed_grant,Pittsburgh,PA,15217,False,True,False,0.0,2.0,650000.0,0.0,0.0,,,,,,831522607,www.safaba.com,10,2010,2012
pittsburgh,Schell Games LLC,schell games,confirmed_grant,PITTSBURGH,PA,15219-1146,False,True,True,0.0,9.0,5132554.67,3.0,835495.0,,,,,GFT8LMZNTEG2,166975396,https://www.schellgames.com,120,2014,2019
pittsburgh,SeaLion Energy Inc.,sealion energy,confirmed_grant,Pittsburgh,PA,15217,False,True,False,0.0,1.0,1623752.0,0.0,0.0,,,,,T34AU1G5NPD8,,https://sealionenergy.com,4,2025,2025
pittsburgh,Seer Systems Inc,seer systems,confirmed_grant,Pittsburgh,PA,15213,False,True,False,0.0,2.0,1356330.0,0.0,0.0,,,,,,,,,1989,1997
pittsburgh,Sensible Machines Inc,sensible machines,confirmed_grant,Pittsburgh,PA,-,False,True,False,0.0,2.0,878918.0,0.0,0.0,,,,,R6GBFUQ15433,826932399,www.sensiblemachines.com,3,2012,2013
pittsburgh,Sensor Frame Inc.,sensor frame,confirmed_grant,Pittsburgh,PA,15221,False,True,False,0.0,0.0,590000.0,0.0,0.0,,,,,,,,,1987,1988
pittsburgh,Sentient Systems Technology In,sentient systems technology in,confirmed_grant,Pittsburgh,PA,15213,False,True,False,0.0,0.0,524000.0,0.0,0.0,,,,,,,,6,1987,1988
pittsburgh,"Serviceware, Inc.",serviceware,confirmed_grant,Oakmont,PA,15139,False,True,False,0.0,1.0,74928.0,0.0,0.0,,,,,,,,,1995,1995
pittsburgh,Seta Corp.,seta,confirmed_grant,Oakmont,PA,15139,False,True,False,0.0,0.0,249575.0,0.0,0.0,,,,,,,,,1994,1995
pittsburgh,Silicon Technology Inc,silicon technology,confirmed_grant,Pittsburgh,PA,15239,False,True,False,0.0,0.0,50000.0,0.0,0.0,,,,,,,,6,1989,1989
pittsburgh,Sole Power LLC,sole power,confirmed_grant,Pittsburgh,PA,15206-3051,False,True,False,0.0,1.0,149015.0,0.0,0.0,,,,,HZ5KAJVNGDJ3,078686886,Solepowertech.com,6,2016,2016
pittsburgh,Spang and Company,spang and,confirmed_grant,Pittsburgh,PA,15238,False,True,False,0.0,1.0,99988.0,0.0,0.0,,,,,,004340949,,445,2009,2009
pittsburgh,"Speech Response Systems, Inc.",speech response systems,confirmed_grant,Pittsburgh,PA,15217,False,True,False,0.0,0.0,40000.0,0.0,0.0,,,,,,,,,1984,1984
pittsburgh,"Summit Materials, LLC",summit materials,confirmed_grant,Pittsburgh,PA,15057-,False,True,False,0.0,1.0,79932.0,0.0,0.0,,,,,SSHTJB8EYTB9,832116557,www.summitmaterials.com,3,2014,2014
pittsburgh,Suprex Corp.,suprex,confirmed_grant,Pittsburgh,PA,15238,False,True,False,0.0,0.0,600000.0,0.0,0.0,,,,,,,,,1984,1993
pittsburgh,"SureLogic, Inc.",surelogic,confirmed_grant,Pittsburgh,PA,15217 1602,False,True,False,0.0,2.0,198472.0,0.0,0.0,,,,,,790520071,,6,2009,2009
pittsburgh,Surface Engineering Assoc Inc.,surface engineering assoc,confirmed_grant,Aliquippa,PA,15001,False,True,False,0.0,0.0,50000.0,0.0,0.0,,,,,,,,,1993,1993
pittsburgh,Sweetwood Specialty Co,sweetwood specialty,confirmed_grant,Claysville,PA,15323,False,True,False,0.0,0.0,50000.0,0.0,0.0,,,,,,,,4,1989,1989
pittsburgh,Symposia Inc,symposia,confirmed_grant,Pittsburgh,PA,15232,False,True,False,0.0,0.0,49470.0,0.0,0.0,,,,,,,,,1991,1991
pittsburgh,Systems Modeling Corp,systems modeling,confirmed_grant,Sewickley,PA,15143,False,True,False,0.0,0.0,50000.0,0.0,0.0,,,,,,,,,1990,1990
pittsburgh,TELE-TRACKING TECHNOLOGIES,tele tracking technologies,confirmed_grant,PITTSBURGH,PA,15222,False,True,False,0.0,0.0,100000.0,0.0,0.0,,,,,,,,,2000,2000
pittsburgh,"TERRASIM, INC.",terrasim,confirmed_grant,Pittsburgh,PA,15222,False,True,False,0.0,12.0,5339312.0,0.0,0.0,,,,,FU9XLNFRPK37,036966802,,17,1999,2009
pittsburgh,THAR ENERGY LLC,thar energy,confirmed_grant,PITTSBURGH,PA,15238-2904,False,True,False,0.0,2.0,456500.0,0.0,0.0,,,,,S4LGDJW338R7,078439495,https://www.tharenergyllc.com,6,2020,2022
pittsburgh,TIMESYS CORP.,timesys,confirmed_grant,Pittsburgh,PA,15213,False,True,False,0.0,3.0,551382.0,0.0,0.0,,,,,,,,25,1996,2001
pittsburgh,TITAN ROBOTICS INC,titan robotics,confirmed_grant,Coraopolis,PA,15108,False,True,False,0.0,6.0,4973759.56,0.0,0.0,,,,,KD4ERZMXH7A5,079565973,http://www.titanrobots.com,70,2020,2025
pittsburgh,Tartan Labs Inc,tartan labs,confirmed_grant,Pittsburgh,PA,15213,False,True,False,0.0,0.0,115463.0,0.0,0.0,,,,,,,,50,1987,1987
pittsburgh,Telegraphiques,telegraphiques,confirmed_grant,Monroeville,PA,15146,False,True,False,0.0,0.0,50000.0,0.0,0.0,,,,,,,,,1990,1990
pittsburgh,TestWorks,testworks,confirmed_grant,Sewickley,PA,15143-0000,False,True,False,0.0,3.0,700000.0,0.0,0.0,,,,,,793711602,,3,2008,2012
pittsburgh,Testing Services,testing services,confirmed_grant,Coraopolis,PA,15108,False,True,False,0.0,1.0,69400.0,0.0,0.0,,,,,,,,,1997,1997
pittsburgh,Thar Designs Inc.,thar designs,confirmed_grant,Pittsburgh,PA,15238,False,True,False,0.0,1.0,821725.0,0.0,0.0,,,,,,,,,1992,2002
pittsburgh,The Lucrum Group,lucrum,confirmed_grant,Wexford,PA,15090-7320,False,True,False,0.0,1.0,100000.0,0.0,0.0,,,,,GN72A2BS8J41,809522290,,1,2008,2008
pittsburgh,The Video Difference Inc.,video difference,confirmed_grant,Pittsburgh,PA,15202,False,True,False,0.0,0.0,148351.0,0.0,0.0,,,,,,,,,1990,1991
pittsburgh,Time Captain Inc.,time captain,confirmed_grant,Monroeville,PA,15146-,False,True,False,0.0,2.0,199932.0,0.0,0.0,,,,,,969081533,http://www.timecaptain.com,1,2012,2012
pittsburgh,Touchstone Computer Learning,touchstone computer learning,confirmed_grant,Pittsburgh,PA,15208,False,True,False,0.0,0.0,24204.0,0.0,0.0,,,,,,,,,1991,1991
pittsburgh,Touchtown Inc.,touchtown,confirmed_grant,Oakmont,PA,15139,False,True,False,0.0,2.0,237604.0,0.0,0.0,,,,,GLQUCDRN2ER1,082344156,www.touchtown.us,22,2009,2012
pittsburgh,"Toward A Better Humanity, LLC",toward a better humanity,confirmed_grant,Pittsburgh,PA,15208,False,True,False,0.0,1.0,275000.0,0.0,0.0,,,,,K2CPD94EK494,,https://www.towardabetterhumanity.com,1,2024,2024
pittsburgh,TradingCube Inc.,tradingcube,confirmed_grant,Pittsburgh,PA,15228,False,True,False,0.0,2.0,599858.0,0.0,0.0,,,,,,,,3,2003,2004
pittsburgh,Ttm Technology Assoc,ttm technology assoc,confirmed_grant,Latrobe,PA,15650,False,True,False,0.0,1.0,74968.0,0.0,0.0,,,,,,,,,1996,1996
pittsburgh,"TutorGen, Inc.",tutorgen,confirmed_grant,Pittsburgh,PA,15217,False,True,False,0.0,5.0,1400000.0,0.0,0.0,,,,,PSF4XZ7A55X3,967553566,www.aicontinuum.com,3,2014,2019
pittsburgh,URSUS Medical LLC,ursus medical,confirmed_grant,PITTSBURGH,PA,15239-2716,False,True,True,0.0,1.0,341520.0,1.0,341520.0,,,,,C8QBYAGG9FK5,079617248,1963,3,2017,2017
pittsburgh,"UbiCue, Inc.",ubicue,confirmed_grant,Pittsburgh,PA,15201,False,True,False,0.0,1.0,150000.0,0.0,0.0,,,,,,055291990,http://www.ubicueinc.com/,2,2013,2013
pittsburgh,University Research & Dev Asso,university research dev asso,confirmed_grant,Pittsburgh,PA,15213,False,True,False,0.0,0.0,49530.0,0.0,0.0,,,,,,,,7,1986,1986
pittsburgh,Ursus Medical Designs LLC,ursus medical designs,confirmed_grant,PITTSBURGH,PA,15239-2716,False,True,False,0.0,1.0,225000.0,0.0,0.0,,,,,ZKPJDTATZE91,080871583,Ursus Medical Designs LLC,2,2018,2018
pittsburgh,VANISH THERAPEUTICS INC,vanish therapeutics,confirmed_grant,MARS,PA,16046-1305,False,True,True,0.0,1.0,693472.0,2.0,693472.0,,,,,KFUXJEFEJ1F1,118155280,,3,2023,2023
pittsburgh,"VASCOR, INC.",vascor,confirmed_grant,PITTSBURGH,PA,15238,False,True,False,0.0,1.0,770950.0,0.0,0.0,,,,,,,,,2001,2003
pittsburgh,"VELO.AI, INC.",velo ai,confirmed_grant,PITTSBURGH,PA,15224-1707,False,True,False,0.0,1.0,199531.17,0.0,0.0,,,,,ETEZBQWL1GT9,,https://www.velo.ai,4,2025,2025
pittsburgh,VEST INC.,vest,confirmed_grant,PITTSBURGH,PA,15238-6130,False,True,True,0.0,2.0,2412113.0,2.0,1464303.0,,,,,GFRTTP6TPJL1,,,5,2024,2025
pittsburgh,VISIMO LLC,visimo,confirmed_grant,CARNEGIE,PA,15106-2051,False,True,False,0.0,24.0,8175846.5,0.0,0.0,,,,,X854ZJDHWHJ5,016990771,http://www.visimo.ai,24,2021,2025
pittsburgh,"VISIONAIRE PRODUCTS, INC",visionaire products,confirmed_grant,PITTSBURGH,PA,15238-2239,False,True,False,0.0,2.0,1256000.0,0.0,0.0,,,,,CUKAFNSRJWJ7,047484263,,4,2021,2023
pittsburgh,VIVASC THERAPEUTICS INC,vivasc therapeutics,confirmed_grant,PITTSBURGH,PA,15203-2194,False,True,True,0.0,2.0,611957.0,2.0,611957.0,,,,,JGV7NE1LFTT9,116987189,https://www.vivasctherapeutics.com,3,2020,2022
pittsburgh,VOCI TECHNOLOGIES INCORPORATED,voci technologies,confirmed_grant,PITTSBURGH,PA,15217-1725,False,True,False,0.0,6.0,1692874.0,0.0,0.0,,,,,WRL3N9JB4AS9,826859972,http://www.vocitec.com,20,2012,2016
pittsburgh,Veracity Forecasting and Analysis,veracity forecasting and analysis,confirmed_grant,Pittsburgh,PA,15237-,False,True,False,0.0,3.0,1047037.0,0.0,0.0,,,,,RFCGFMNZB1T8,078449586,www.veracityFA.com,2,2014,2018
pittsburgh,Viking Energy Corp.,viking energy,confirmed_grant,Pittsburgh,PA,15206,False,True,False,0.0,0.0,549969.0,0.0,0.0,,,,,,,,,1983,1984
pittsburgh,Viking Systems International,viking systems international,confirmed_grant,Pittsburgh,PA,15238,False,True,False,0.0,0.0,50000.0,0.0,0.0,,,,,,,,,1992,1992
pittsburgh,Virolac Industries,virolac industries,confirmed_grant,Waynesburg,PA,15370,False,True,False,0.0,0.0,549852.0,0.0,0.0,,,,,,,,,1989,1990
pittsburgh,"Vocollect, Inc.",vocollect,confirmed_grant,Pittsburgh,PA,15235 4558,False,True,False,0.0,1.0,99380.0,0.0,0.0,,,,,KVU3DE1M77M6,183056647,,359,2009,2009
pittsburgh,WRIGHT WOLD SCIENTIFIC LLC,wright wold scientific,confirmed_grant,PITTSBURGH,PA,15206-3956,False,True,False,0.0,1.0,223898.0,0.0,0.0,,,,,EUMEJYFSSAZ5,042513810,https://www.swiftagsystems.com/,2,2021,2021
pittsburgh,Walters Scientific Instrument,walters scientific instrument,confirmed_grant,Pittsburgh,PA,15232,False,True,False,0.0,0.0,525503.0,0.0,0.0,,,,,,,,,1992,1994
pittsburgh,"Washburn Therapeutics, Inc.",washburn therapeutics,confirmed_grant,Pittsburgh,PA,-,False,True,False,0.0,2.0,335770.0,0.0,0.0,,,,,D6FWWNAJCMJ7,803136758,www.washburntherapeutics.com,2,2010,2013
pittsburgh,Western Oncolytics Ltd,western oncolytics,confirmed_grant,PITTSBURGH,PA,15238-2906,False,True,True,0.0,2.0,1290551.0,2.0,1290551.0,,,,,U5BMCQKCNJS7,031758256,,13,2019,2020
pittsburgh,Wombat Security Technologies,wombat security technologies,confirmed_grant,Pittsburgh,PA,-,False,True,False,0.0,4.0,1693479.0,0.0,0.0,,,,,,828234067,www.wombatsecurity.com,10,2009,2012
pittsburgh,"XTAL MATIC, INC.",xtal matic,confirmed_grant,PITTSBURGH,PA,15209,False,True,False,0.0,1.0,183926.0,0.0,0.0,,,,,,,,,2002,2002
pittsburgh,Yodel Labs Inc,yodel labs,confirmed_grant,Pittsburgh,PA,15217-1345,False,True,False,0.0,2.0,959023.0,0.0,0.0,,,,,LGBKK7LA42J3,080472154,,4,2017,2019
pittsburgh,Zivic Miller Laboratories Inc,zivic miller laboratories,confirmed_grant,Allison Park,PA,15101,False,True,False,0.0,0.0,50000.0,0.0,0.0,,,,,,,,,1992,1992
pittsburgh,roBlocks LLC,roblocks,confirmed_grant,Pittsburgh,PA,15232-2823,False,True,False,0.0,3.0,747906.0,0.0,0.0,,,,,,809096808,,,2009,2012
pittsburgh,"AbiliLife, Inc.",abililife,confirmed_strong,PITTSBURGH,PA,15206,True,True,False,3.0,1.0,224997.0,0.0,0.0,2014,Corporation,Biotechnology,0001651121,ZXHDMTFVNFY8,079777812,Abililife.com,2,2016,2016
pittsburgh,Advanced Optronics Inc,advanced optronics,confirmed_strong,PITTSBURGH,PA,15213,True,True,True,1.0,2.0,1572433.0,2.0,1572433.0,2021,Corporation,Other Health Care,0002018950,X8BVTKLATEA3,117952250,,4,2023,2025
pittsburgh,"Apollo Neuroscience, Inc.",apollo neuroscience,confirmed_strong,PITTSBURGH,PA,15217,True,True,False,10.0,3.0,509387.89,0.0,0.0,2017,Corporation,Other Health Care,0001735427,GV38LQFMRC35,080919428,http://www.apolloneuro.com,5,2018,2025
pittsburgh,CELSENSE INC,celsense,confirmed_strong,PITTSBURGH,PA,15222,True,True,True,6.0,7.0,3063165.0,4.0,2109418.0,,Corporation,Biotechnology,0001372965,F1W7G1FLD9S5,798793548,https://www.celsense.com,3,2008,2020
pittsburgh,COGNITION THERAPEUTICS INC,cognition therapeutics,confirmed_strong,PITTSBURGH,PA,15203,True,True,True,7.0,12.0,10073229.0,38.0,143334126.0,,Corporation,Biotechnology,0001455365,NUNHAKQ7MS86,808434612,http://www.cogrx.com,14,2010,2021
pittsburgh,COHERA MEDICAL INC,cohera medical,confirmed_strong,PITTSBURGH,PA,15212,True,True,False,1.0,4.0,3296901.0,0.0,0.0,,Corporation,Other Health Care,0001372962,,145195199,,,2007,2013
pittsburgh,Carmell Therapeutics Corp,carmell therapeutics,confirmed_strong,PITTSBURGH,PA,15213,True,True,False,13.0,3.0,1208516.0,0.0,0.0,,Corporation,Biotechnology,0001517941,JXA3ZRCPXE27,806750340,www.carmellrx.com,4,2008,2014
pittsburgh,"Cernostics, Inc.",cernostics,confirmed_strong,PITTSBURGH,PA,15238,True,True,True,4.0,2.0,1378579.0,2.0,1231312.0,,Corporation,Biotechnology,0001474724,SS56A8CVNN59,828740642,www.cernostics.com,4,2009,2015
pittsburgh,Consegna Pharma Inc.,consegna pharma,confirmed_strong,PITTSBURGH,PA,15213,True,True,True,1.0,5.0,4147476.56,6.0,3177692.0,2017,Corporation,Pharmaceuticals,0001718012,NU7SAKDR52N8,080973863,http://www.consegnapharma.com,4,2019,2023
pittsburgh,"Creegh Pharmaceuticals, Inc.",creegh pharmaceuticals,confirmed_strong,PITTSBURGH,PA,15217,True,True,True,1.0,1.0,398728.0,2.0,797456.0,2018,Corporation,Pharmaceuticals,0001817450,L6AZATV6ZKH3,098493959,,4,2023,2023
pittsburgh,"CytoAgents, Inc.",cytoagents,confirmed_strong,PITTSBURGH,PA,15212,True,True,True,2.0,4.0,6975379.0,8.0,7975379.0,2018,Corporation,Other Health Care,0001877258,CCEZCKNKL9M4,117039872,http://www.cytoagents.com,1,2020,2025
pittsburgh,Duo Oncology Inc.,duo oncology,confirmed_strong,PITTSBURGH,PA,15203,True,True,True,4.0,2.0,849937.0,3.0,1194907.0,2020,Corporation,Pharmaceuticals,0001843372,QK2QNS6KHHM5,117619495,https://www.DuoOncology.com,1,2023,2024
pittsburgh,"Forest Devices, Inc.",forest devices,confirmed_strong,PITTSBURGH,PA,15206,True,True,False,14.0,1.0,224385.0,0.0,0.0,2015,Corporation,Biotechnology,0001647635,KEQYLE5MKLM4,079828907,,3,2020,2020
pittsburgh,"Globin Solutions, Inc.",globin solutions,confirmed_strong,PITTSBURGH,PA,15213,True,True,True,1.0,2.0,1733830.0,4.0,1983823.0,2017,Corporation,Biotechnology,0001723208,YNDHBXMYG5L8,081311418,https://www.globinsolutions.com,3,2020,2021
pittsburgh,"Impact Proteomics, LLC",impact proteomics,confirmed_strong,PITTSBURGH,PA,15206,True,True,False,2.0,2.0,1224684.0,0.0,0.0,2017,Limited Liability Company,Biotechnology,0001804332,RQUXMFU1TNH5,080969436,,2,2019,2021
pittsburgh,"InnSight Technology, Inc.",innsight technology,confirmed_strong,PITTSBURGH,PA,15202,True,True,False,1.0,3.0,2199947.9699999997,0.0,0.0,,Corporation,Other Health Care,0001956287,CRZENYPDF6K3,079554947,https://www.innsightech.com/,5,2016,2025
pittsburgh,"Intelomed, Inc.",intelomed,confirmed_strong,PITTSBURGH,PA,15090,True,True,False,3.0,1.0,119771.0,0.0,0.0,,Corporation,Biotechnology,0001482781,RQ45T9ED5G67,,http://www.intelomed.com,3,2019,2019
pittsburgh,Knopp Biosciences LLC,knopp biosciences,confirmed_strong,PITTSBURGH,PA,15203,True,True,True,20.0,4.0,6169632.0,7.0,5490140.0,2010,Limited Liability Company,Biotechnology,0001497598,T2QKKWEBJZD3,966839255,,26,2016,2021
pittsburgh,LIPELLA PHARMACEUTICALS INC,lipella pharmaceuticals,confirmed_strong,PITTSBURGH,PA,15208,True,True,True,8.0,13.0,9701253.0,12.0,5756352.0,,Corporation,Pharmaceuticals,0001347242,JBVNWFNEEV59,187190850,,,2006,2022
pittsburgh,Lumis Corp.,lumis,confirmed_strong,PITTSBURGH,PA,15213,True,True,True,3.0,2.0,1914014.0,3.0,1914014.0,2017,Corporation,Other Health Care,0001827002,UJ8NJBZYK253,081330707,http://www.lumiscorp.com,4,2019,2021
pittsburgh,Noma AI Inc.,noma ai,confirmed_strong,PITTSBURGH,PA,15201,True,True,True,3.0,1.0,305292.0,1.0,305292.0,2019,Corporation,Other Health Care,0001872335,MEDMMDCGZZN6,117346243,http://noma.ai,3,2025,2025
pittsburgh,"Noveome Biotherapeutics, Inc.",noveome biotherapeutics,confirmed_strong,PITTSBURGH,PA,15219,True,True,False,6.0,2.0,297653.0,0.0,0.0,,Corporation,Biotechnology,0001478304,D35WXDLB8K59,612373964,www.noveome.com,16,2006,2012
pittsburgh,"Peca Labs, Inc.",peca labs,confirmed_strong,Pittsburgh,PA,15224,True,True,True,8.0,3.0,1453518.0,6.0,2451509.0,2012,Corporation,Other Health Care,0001641404,ZDCYXJQL4A98,078340058,https://www.pecalabs.com,11,2017,2025
pittsburgh,Renerva LLC,renerva,confirmed_strong,PITTSBURGH,PA,15221,True,True,True,4.0,6.0,2990439.0,4.0,1769269.0,2017,Limited Liability Company,Other Health Care,0001748198,LJ97PLMMTGV1,080716982,https://www.renerva.com/,10,2019,2025
pittsburgh,"Resilient Lifescience, Inc.",resilient lifescience,confirmed_strong,PITTSBURGH,PA,15212,True,True,True,2.0,2.0,729497.0,1.0,54944.0,2022,Corporation,Other Health Care,0001928983,TCT3X4JFLTP8,118740052,https://www.resilient.bio,2,2024,2024
pittsburgh,"Respair, Inc.",respair,confirmed_strong,PITTSBURGH,PA,15206,True,True,True,1.0,2.0,604319.0,3.0,903420.0,2021,Corporation,Other Health Care,0002071993,KZKNANELR6N9,118557054,,2,2024,2025
pittsburgh,"SpIntellx, Inc.",spintellx,confirmed_strong,PITTSBURGH,PA,15203,True,True,False,4.0,1.0,224999.0,0.0,0.0,2017,Corporation,Other Health Care,0001751925,CVAZTVKX9HP7,,http://www.spintellx.com,3,2019,2019
pittsburgh,ALLEGHENY-SINGER RESEARCH INSTITUTE,allegheny singer research institute,research_org,PITTSBURGH,PA,152124756,False,False,True,0.0,0.0,0.0,31.0,11210797.0,,,,,,,,,,
pittsburgh,"ATHARVA, LLC",atharva,research_org,CRANBERRY TOWNSHIP,PA,160667516,False,False,True,0.0,0.0,0.0,1.0,312780.0,,,,,,,,,,
pittsburgh,"BASIC HEALTH INTERNATIONAL, INC.",basic health international,research_org,PITTSBURGH,PA,152065122,False,False,True,0.0,0.0,0.0,2.0,1090015.0,,,,,,,,,,
pittsburgh,CAPTIS DIAGNOSTICS,captis diagnostics,research_org,Pittsburgh,PA,15213,False,False,True,0.0,0.0,0.0,7.0,2495515.0,,,,,,,,,,
pittsburgh,CARNEGIE-MELLON UNIVERSITY,carnegie mellon university,research_org,PITTSBURGH,PA,152133815,False,False,True,0.0,0.0,0.0,866.0,334760698.0,,,,,,,,,,
pittsburgh,DUQUESNE UNIVERSITY,duquesne university,research_org,PITTSBURGH,PA,152820001,False,False,True,0.0,0.0,0.0,108.0,25158593.0,,,,,,,,,,
pittsburgh,"FOX LEARNING SYSTEMS, INC.",fox learning systems,research_org,PITTSBURGH,PA,804242257,False,False,True,0.0,0.0,0.0,3.0,1559376.0,,,,,,,,,,
pittsburgh,"GRACEFALL, INC.",gracefall,research_org,PENN VALLEY,PA,190721235,False,False,True,0.0,0.0,0.0,1.0,298873.0,,,,,,,,,,
pittsburgh,INSTITUTE FOR TRANSFUSION MEDICINE,institute for transfusion medicine,research_org,PITTSBURGH,PA,152203608,False,False,True,0.0,0.0,0.0,2.0,998878.0,,,,,,,,,,
pittsburgh,INTERNATIONAL INTELLIGENT INFOR/SOLU/LAB,international intelligent infor solu lab,research_org,PITTSBURGH,PA,152041206,False,False,True,0.0,0.0,0.0,3.0,1140681.0,,,,,,,,,,
pittsburgh,MAGEE-WOMEN'S RES INST AND FOUNDATION,magee women s res inst and foundation,research_org,Pittsburgh,PA,152134572,False,False,True,0.0,0.0,0.0,498.0,354944323.0,,,,,,,,,,
pittsburgh,MATERIALS RESEARCH SOCIETY,materials research society,research_org,WARRENDALE,PA,150867537,False,False,True,0.0,0.0,0.0,1.0,9680.0,,,,,,,,,,
pittsburgh,METASTX LLC,metastx,research_org,PITTSBURGH,PA,152023428,False,False,True,0.0,0.0,0.0,1.0,399954.0,,,,,,,,,,
pittsburgh,"NEUROLIGN USA, LLC",neurolign usa,research_org,PITTSBURGH,PA,152382920,False,False,True,0.0,0.0,0.0,3.0,1318109.0,,,,,,,,,,
pittsburgh,NURELM E-BUSINESS SOFTWARE,nurelm e business software,research_org,PITTSBURGH,PA,152063835,False,False,True,0.0,0.0,0.0,9.0,5149789.0,,,,,,,,,,
pittsburgh,ONCOLOGY NURSING SOCIETY,oncology nursing society,research_org,PITTSBURGH,PA,152751214,False,False,True,0.0,0.0,0.0,1.0,100000.0,,,,,,,,,,
pittsburgh,STARSHIP HEALTH TECHNOLOGIES,starship health technologies,research_org,Fort Washington,PA,190341729,False,False,True,0.0,0.0,0.0,7.0,2802560.0,,,,,,,,,,
pittsburgh,STEELWORKER CHARITABLE AND EDUCATIONAL ORGANIZATION,steelworker charitable and educational organization,research_org,PITTSBURGH,PA,152221214,False,False,True,0.0,0.0,0.0,62.0,76018978.0,,,,,,,,,,
pittsburgh,THE RYR-1 FOUNDATION,ryr 1 foundation,research_org,PITTSBURGH,PA,152431062,False,False,True,0.0,0.0,0.0,1.0,15000.0,,,,,,,,,,
pittsburgh,UNIVERSITY OF PITTSBURGH AT PITTSBURGH,university of pittsburgh at pittsburgh,research_org,PITTSBURGH,PA,152133320,False,False,True,0.0,0.0,0.0,14928.0,7190707760.0,,,,,,,,,,
pittsburgh,VETERANS HEALTH ADMINISTRATION,veterans health administration,research_org,PITTSBURGH,PA,152401003,False,False,True,0.0,0.0,0.0,593.0,0.0,,,,,,,,,,
pittsburgh,VETERANS HEALTH FOUNDATION,veterans health foundation,research_org,PITTSBURGH,PA,15240,False,False,True,0.0,0.0,0.0,20.0,8612313.0,,,,,,,,,,
